,30,60,90,180,360,data
0,0,0,0,0,0,2017-02-01
1,0,0,-0.002592912705,-0.001635322976,0,2017-02-02
2,0,-0.003218020917,0.0008665511265,-0.002457002457,0,2017-02-03
3,0,0,0,0,0,2017-02-04
4,0,0,0,0,0,2017-02-05
5,-0.01020408163,-0.006456820016,0,0,-0.001862197393,2017-02-06
6,-0.003172085646,0,0,-0.006568144499,-0.003731343284,2017-02-07
7,-0.003977724741,0,-0.01212121212,-0.003305785124,0,2017-02-08
8,0,-0.004874086109,-0.002629272568,-0.001658374793,0,2017-02-09
9,0,-0.003265306122,-0.002636203866,-0.003322259136,-0.01123595506,2017-02-10
10,0,0,0,0,0,2017-02-11
11,0,0,0,0,0,2017-02-12
12,-0.008785942492,0,0,0,-0.001893939394,2017-02-13
13,-0.003223207091,0,0,-0.005,-0.001897533207,2017-02-14
14,-0.003233629749,0,-0.006167400881,-0.003350083752,0,2017-02-15
15,0,-0.009828009828,-0.0008865248227,-0.002521008403,0,2017-02-16
16,0,-0.003308519438,-0.005323868678,-0.001684919966,0,2017-02-17
17,0,0,0,0,0,2017-02-18
18,0,0,0,0,0,2017-02-19
19,-0.009732360097,0,0,0,-0.01045627376,2017-02-20
20,-0.004095004095,0,0,-0.005907172996,-0.006724303554,2017-02-21
21,-0.002467105263,0,-0.01159678858,-0.001697792869,0,2017-02-22
22,0,-0.006639004149,-0.006317689531,-0.0008503401361,0,2017-02-23
23,0,-0.0008354218881,-0.0009082652134,-0.0008510638298,-0.01353965184,2017-02-24
24,0,0,0,0,0,2017-02-25
25,0,0,0,0,0,2017-02-26
26,0,0,0,0,0,2017-02-27
27,0,0,0,0,0,2017-02-28
28,0,0,0,0,0,2017-03-01
29,0,0,-0.005454545455,-0.004258943782,0,2017-03-02
30,0,-0.004180602007,-0.005484460695,-0.001710863986,-0.01274509804,2017-03-03
31,0,0,0,0,0,2017-03-04
32,0,0,0,0,0,2017-03-05
33,-0.003297609233,-0.004198152813,0,0,-0.003972194638,2017-03-06
34,-0.001654259719,0,0,-0.005141388175,0.0009970089731,2017-03-07
35,-0.002485501243,0,-0.0009191176471,-0.001722652885,0,2017-03-08
36,0,-0.003372681282,-0.001839926403,-0.001725625539,0,2017-03-09
37,0,-0.004230118443,-0.01290322581,-0.007778738116,-0.01693227092,2017-03-10
38,0,0,0,0,0,2017-03-11
39,0,0,0,0,0,2017-03-12
40,-0.006644518272,-0.00424808836,0,0,-0.004052684904,2017-03-13
41,-0.001672240803,0,0,-0.004355400697,0.004069175992,2017-03-14
42,0,0,-0.008403361345,-0.003499562555,0,2017-03-15
43,0,-0.004266211604,0,-0.002633889377,0,2017-03-16
44,0,-0.001713796058,-0.001883239171,0,-0.00506585613,2017-03-17
45,0,0,0,0,0,2017-03-18
46,0,0,0,0,0,2017-03-19
47,-0.006700167504,-0.004291845494,0,0,-0.002036659878,2017-03-20
48,-0.002529510961,0,0,-0.007922535211,-0.005102040816,2017-03-21
49,0,0,-0.008490566038,-0.002661934339,0,2017-03-22
50,0,-0.005172413793,-0.0009514747859,-0.0008896797153,0,2017-03-23
51,0,-0.00259965338,-0.007619047619,-0.005342831701,-0.006153846154,2017-03-24
52,0,0,0,0,0,2017-03-25
53,0,0,0,0,0,2017-03-26
54,-0.009298393914,-0.005212858384,0,0,-0.006191950464,2017-03-27
55,-0.001706484642,0,0,-0.008057296329,0.002076843198,2017-03-28
56,-0.003418803419,0,-0.01055662188,-0.003610108303,0,2017-03-29
57,0,-0.004366812227,0.00193986421,-0.0009057971014,0,2017-03-30
58,0,-0.00350877193,-0.000968054211,-0.003626473255,0.00207253886,2017-03-31
59,0,0,0,0,0,2017-04-01
60,0,0,0,0,0,2017-04-02
61,-0.008576329331,-0.005281690141,0,0,-0.005170630817,2017-04-03
62,-0.004325259516,0,0,-0.006369426752,0,2017-04-04
63,-0.005212858384,0,-0.01453488372,-0.003663003663,0,2017-04-05
64,0,-0.00796460177,0.001966568338,-0.0009191176471,0,2017-04-06
65,0,-0.004460303301,-0.003925417076,-0.005519779209,-0.004158004158,2017-04-07
66,0,0,0,0,0,2017-04-08
67,0,0,0,0,0,2017-04-09
68,-0.01572052402,-0.01075268817,0,0,-0.0114822547,2017-04-10
69,-0.005323868678,0,0,-0.01110083256,-0.005279831045,2017-04-11
70,-0.004460303301,0,-0.01477832512,-0.002806361085,0,2017-04-12
71,0,-0.007246376812,0,0,0,2017-04-13
72,0,0,0,0,0,2017-04-14
73,0,0,0,0,0,2017-04-15
74,0,0,0,0,0,2017-04-16
75,-0.002688172043,-0.006386861314,0,0,0.004246284501,2017-04-17
76,0,0,0,-0.007504690432,-0.01057082452,2017-04-18
77,0,0,-0.012,-0.002835538752,0,2017-04-19
78,0,-0.005509641873,-0.002024291498,-0.0009478672986,0,2017-04-20
79,0,0,0,0,0,2017-04-21
80,0,0,0,0,0,2017-04-22
81,0,0,0,0,0,2017-04-23
82,0,-0.008310249307,0,0,-0.003205128205,2017-04-24
83,0,0,0,-0.003795066414,0.005359056806,2017-04-25
84,0.0008984725966,0,-0.006085192698,-0.001904761905,0,2017-04-26
85,0,-0.002793296089,-0.002040816327,-0.001908396947,0,2017-04-27
86,0,-0.001867413632,-0.003067484663,-0.0009560229446,-0.008528784648,2017-04-28
87,0,0,0,0,0,2017-04-29
88,0,0,0,0,0,2017-04-30
89,0,0,0,0,0,2017-05-01
90,-0.0008976660682,0,0,-0.003827751196,-0.004301075269,2017-05-02
91,-0.003593890386,0,-0.01025641026,-0.00288184438,0,2017-05-03
92,0,-0.00935453695,0,-0.001926782274,0,2017-05-04
93,0,-0.003777148253,-0.00103626943,-0.004826254826,-0.004319654428,2017-05-05
94,0,0,0,0,0,2017-05-06
95,0,0,0,0,0,2017-05-07
96,-0.01352569883,-0.004739336493,0,0,-0.001084598698,2017-05-08
97,-0.005484460695,0,0,-0.005819592629,-0.00651465798,2017-05-09
98,-0.004595588235,0,-0.01141078838,-0.00487804878,0,2017-05-10
99,0,-0.009523809524,-0.00944386149,-0.006862745098,0,2017-05-11
100,0,-0.003846153846,-0.005296610169,-0.002961500494,-0.02513661202,2017-05-12
101,0,0,0,0,0,2017-05-13
102,0,0,0,0,0,2017-05-14
103,-0.01662049861,-0.007722007722,0,0,-0.01233183857,2017-05-15
104,0,0,0,-0.01188118812,-0.005675368899,2017-05-16
105,-0.007511737089,0,-0.01916932907,-0.003006012024,0,2017-05-17
106,0,0.03501945525,0.1107491857,0.05226130653,0,2017-05-18
107,0,-0.01691729323,0,-0.02005730659,0.09931506849,2017-05-19
108,0,0,0,0,0,2017-05-20
109,0,0,0,0,0,2017-05-21
110,0.006622516556,0,0,0,0.01349948079,2017-05-22
111,-0.008458646617,0,0,-0.008771929825,-0.02254098361,2017-05-23
112,-0.00663507109,0,-0.05278592375,-0.004916420846,0,2017-05-24
113,0,-0.01434034417,-0.002063983488,-0.001976284585,0,2017-05-25
114,0,-0.008729388943,-0.0196483971,-0.01089108911,-0.03354297694,2017-05-26
115,0,0,0,0,0,2017-05-27
116,0,0,0,0,0,2017-05-28
117,-0.01622137405,-0.003913894325,0,0,-0.01084598698,2017-05-29
118,-0.003879728419,0,0,-0.004004004004,0.009868421053,2017-05-30
119,-0.006815968841,0,-0.009493670886,-0.007035175879,0,2017-05-31
120,0,-0.007858546169,0.009584664537,0.001012145749,0,2017-06-01
121,0,0.0009900990099,0.002109704641,0.001011122346,0.01302931596,2017-06-02
122,0,0,0,0,0,2017-06-03
123,0,0,0,0,0,2017-06-04
124,-0.005882352941,-0.00296735905,0,0,0,2017-06-05
125,-0.0009861932939,0,0,-0.006060606061,-0.01178992497,2017-06-06
126,0,0,-0.01157894737,-0.001016260163,0,2017-06-07
127,0,-0.003968253968,0,-0.001017293998,0,2017-06-08
128,0,-0.004980079681,-0.01064962726,0,-0.02060737527,2017-06-09
129,0,0,0,0,0,2017-06-10
130,0,0,0,0,0,2017-06-11
131,-0.0009871668312,-0.004004004004,0,0,-0.001107419712,2017-06-12
132,-0.0009881422925,0,0,-0.008146639511,0.0044345898,2017-06-13
133,-0.0009891196835,0,-0.004305705059,-0.003080082136,0,2017-06-14
134,0,0,0,0,0,2017-06-15
135,0,-0.005025125628,-0.008648648649,-0.005149330587,-0.01103752759,2017-06-16
136,0,0,0,0,0,2017-06-17
137,0,0,0,0,0,2017-06-18
138,-0.00198019802,-0.006060606061,0,0,-0.01004464286,2017-06-19
139,0,0,0,-0.005175983437,0.006764374295,2017-06-20
140,-0.0009920634921,0,-0.01090512541,-0.004162330905,0,2017-06-21
141,0,-0.00406504065,-0.00441014333,-0.003134796238,0,2017-06-22
142,0,-0.001020408163,0,-0.001048218029,-0.008958566629,2017-06-23
143,0,0,0,0,0,2017-06-24
144,0,0,0,0,0,2017-06-25
145,-0.0009930486594,-0.006128702758,0,0,-0.003389830508,2017-06-26
146,0,0,0,-0.004197271773,0.003401360544,2017-06-27
147,-0.001988071571,0,0,-0.003161222339,0,2017-06-28
148,0,-0.003083247688,-0.002214839424,-0.001057082452,0,2017-06-29
149,0,-0.00206185567,-0.005549389567,-0.005291005291,-0.009039548023,2017-06-30
150,0,0,0,0,0,2017-07-01
151,0,0,0,0,0,2017-07-02
152,-0.004980079681,-0.005165289256,0,0,-0.01482326112,2017-07-03
153,-0.004004004004,0,0,-0.006382978723,-0.001157407407,2017-07-04
154,-0.006030150754,0,0,-0.005353319058,0,2017-07-05
155,0,-0.009345794393,-0.01785714286,-0.003229278794,0,2017-07-06
156,0,-0.003144654088,-0.002272727273,-0.003239740821,-0.004634994206,2017-07-07
157,0,0,0,0,0,2017-07-08
158,0,0,0,0,0,2017-07-09
159,-0.01213346815,-0.004206098843,0,0,-0.002328288708,2017-07-10
160,-0.005117707267,0,0,-0.003250270856,-0.003500583431,2017-07-11
161,-0.005144032922,0,-0.009111617312,-0.00652173913,0,2017-07-12
162,0,-0.009503695882,-0.001149425287,-0.002188183807,0,2017-07-13
163,0,-0.005330490405,-0.005753739931,0,-0.01288056206,2017-07-14
164,0,0,0,0,0,2017-07-15
165,0,0,0,0,0,2017-07-16
166,-0.01344364012,-0.00857449089,0,0,0,2017-07-17
167,-0.005241090147,0,0,-0.01096491228,-0.004744958482,2017-07-18
168,-0.005268703899,0,-0.01041666667,-0.0044345898,0,2017-07-19
169,0,-0.01189189189,-0.009356725146,-0.005567928731,0,2017-07-20
170,0,-0.003282275711,0,-0.002239641657,-0.01191895113,2017-07-21
171,0,0,0,0,0,2017-07-22
172,0,0,0,0,0,2017-07-23
173,-0.01377118644,-0.005488474204,0,0,0,2017-07-24
174,-0.00537056928,0,0,-0.006734006734,0,2017-07-25
175,-0.005399568035,0,-0.004722550177,-0.003389830508,0,2017-07-26
176,0,-0.01986754967,-0.02728351127,-0.01700680272,0,2017-07-27
177,0,-0.002252252252,-0.00487804878,-0.002306805075,-0.03980699638,2017-07-28
178,0,0,0,0,0,2017-07-29
179,0,0,0,0,0,2017-07-30
180,-0.007600434311,-0.003386004515,0,0,0.002512562814,2017-07-31
181,0.001094091904,0,0,-0.004624277457,-0.00626566416,2017-08-01
182,-0.001092896175,0,-0.003676470588,-0.002322880372,0,2017-08-02
183,0,-0.004530011325,-0.0049200492,-0.002328288708,0,2017-08-03
184,0,-0.002275312856,-0.001236093943,0,-0.00630517024,2017-08-04
185,0,0,0,0,0,2017-08-05
186,0,0,0,0,0,2017-08-06
187,-0.009846827133,-0.006841505131,0,0,0.002538071066,2017-08-07
188,0,0,0,-0.007001166861,-0.001265822785,2017-08-08
189,-0.005524861878,0,-0.003712871287,-0.002350176263,0,2017-08-09
190,0,-0.004592422503,0.00248447205,-0.002355712603,0,2017-08-10
191,0,-0.003460207612,-0.003717472119,-0.002361275089,-0.001267427123,2017-08-11
192,0,0,0,0,0,2017-08-12
193,0,0,0,0,0,2017-08-13
194,-0.01111111111,-0.003472222222,0,0,0,2017-08-14
195,-0.003370786517,0,0,-0.004733727811,0.001269035533,2017-08-15
196,-0.005636978579,0,0,-0.004756242568,0,2017-08-16
197,0,-0.005807200929,0,0,0,2017-08-17
198,0,-0.004672897196,-0.01243781095,-0.004778972521,-0.006337135615,2017-08-18
199,0,0,0,0,0,2017-08-19
200,0,0,0,0,0,2017-08-20
201,-0.01247165533,-0.005868544601,0,0,0,2017-08-21
202,-0.003444316877,0,0,-0.008403361345,0,2017-08-22
203,-0.005760368664,0,-0.01511335013,-0.006053268765,0,2017-08-23
204,0,-0.01180637544,-0.006393861893,-0.004872107186,0,2017-08-24
205,0,-0.003584229391,-0.005148005148,-0.00611995104,-0.02551020408,2017-08-25
206,0,0,0,0,0,2017-08-26
207,0,0,0,0,0,2017-08-27
208,-0.01390498262,-0.005995203837,0,0,-0.001308900524,2017-08-28
209,-0.004700352526,0,0,-0.009852216749,-0.005242463958,2017-08-29
210,-0.003541912633,0,-0.01293661061,-0.004975124378,0,2017-08-30
211,0,-0.008443908323,0,-0.00125,0,2017-08-31
212,0,-0.003649635036,-0.00131061599,-0.003754693367,0.00395256917,2017-09-01
213,0,0,0,0,0,2017-09-02
214,0,0,0,0,0,2017-09-03
215,-0.01777251185,-0.003663003663,0,0,0.002624671916,2017-09-04
216,-0.007237635706,0,0,-0.008793969849,-0.002617801047,2017-09-05
217,-0.008505467801,0,-0.01706036745,-0.01013941698,0,2017-09-06
218,0,0,0,0,0,2017-09-07
219,0,-0.01715686275,-0.005340453939,-0.002560819462,-0.02362204724,2017-09-08
220,0,0,0,0,0,2017-09-09
221,0,0,0,0,0,2017-09-10
222,-0.007352941176,-0.006234413965,0,0,0.006720430108,2017-09-11
223,0,0,0,-0.003851091142,0,2017-09-12
224,-0.001234567901,0,-0.005369127517,-0.002577319588,0,2017-09-13
225,0,-0.003764115433,-0.005398110661,-0.003875968992,0,2017-09-14
226,0,-0.003778337531,-0.001356852103,-0.001297016861,-0.0173564753,2017-09-15
227,0,0,0,0,0,2017-09-16
228,0,0,0,0,0,2017-09-17
229,-0.003708281829,-0.001264222503,0,0,-0.006793478261,2017-09-18
230,0,0,0,-0.005194805195,-0.008207934337,2017-09-19
231,-0.001240694789,0,-0.005434782609,-0.001305483029,0,2017-09-20
232,0,-0.005063291139,-0.005464480874,-0.003921568627,0,2017-09-21
233,0,-0.002544529262,-0.004120879121,-0.002624671916,-0.0124137931,2017-09-22
234,0,0,0,0,0,2017-09-23
235,0,0,0,0,0,2017-09-24
236,-0.003726708075,-0.00637755102,0,0,0.001396648045,2017-09-25
237,0,0,0,0,-0.005578800558,2017-09-26
238,-0.001246882793,0,-0.00275862069,-0.005263157895,0,2017-09-27
239,0,-0.003851091142,-0.001383125864,-0.001322751323,0,2017-09-28
240,0,-0.001288659794,-0.004155124654,-0.002649006623,0,2017-09-29
241,0,0,0,0,0,2017-09-30
242,0,0,0,0,0,2017-10-01
243,0,-0.005161290323,0,0,-0.004207573633,2017-10-02
244,0,0,0,0,0.007042253521,2017-10-03
245,-0.006242197253,0,-0.004172461752,-0.00796812749,0,2017-10-04
246,0,-0.006485084306,0,-0.002677376171,0,2017-10-05
247,0,-0.003916449086,-0.001396648045,-0.004026845638,0.002797202797,2017-10-06
248,0,0,0,0,0,2017-10-07
249,0,0,0,0,0,2017-10-08
250,-0.01381909548,-0.006553079948,0,0,0.002789400279,2017-10-09
251,-0.005095541401,0,0,-0.004043126685,-0.005563282337,2017-10-10
252,-0.005121638924,0,-0.005594405594,-0.002706359946,0,2017-10-11
253,0,0,0,0,0,2017-10-12
254,0,-0.009234828496,-0.004219409283,-0.004070556309,-0.005594405594,2017-10-13
255,0,0,0,0,0,2017-10-14
256,0,0,0,0,0,2017-10-15
257,0,-0.005326231691,0,0,0.004219409283,2017-10-16
258,-0.01415701416,0,0,-0.00408719346,0,2017-10-17
259,-0.005221932115,0,-0.004237288136,-0.004103967168,0,2017-10-18
260,0,-0.01070950469,-0.002836879433,-0.002747252747,0,2017-10-19
261,0,-0.004059539919,0,-0.002754820937,-0.005602240896,2017-10-20
262,0,0,0,0,0,2017-10-21
263,0,0,0,0,0,2017-10-22
264,-0.01443569554,-0.005434782609,0,0,0.001408450704,2017-10-23
265,-0.005326231691,0,0,-0.005524861878,0.002812939522,2017-10-24
266,-0.005354752343,0,-0.001422475107,-0.001388888889,0,2017-10-25
267,0,0,0.004273504274,-0.004172461752,0,2017-10-26
268,0,-0.00956284153,-0.001418439716,0,0.002805049088,2017-10-27
269,0,0,0,0,0,2017-10-28
270,0,0,0,0,0,2017-10-29
271,-0.005383580081,-0.00275862069,0,0,0.005594405594,2017-10-30
272,0,0,0,-0.004189944134,-0.006954102921,2017-10-31
273,0,0,-0.008522727273,0,0,2017-11-01
274,0,0,0,0,0,2017-11-02
275,0,-0.001383125864,0.002865329513,-0.001402524544,0.002801120448,2017-11-03
276,0,0,0,0,0,2017-11-04
277,0,0,0,0,0,2017-11-05
278,-0.006765899865,-0.004155124654,0,0,0.001396648045,2017-11-06
279,-0.00272479564,0,0,-0.001404494382,0,2017-11-07
280,-0.001366120219,0,-0.002857142857,-0.004219409283,0,2017-11-08
281,0,-0.004172461752,-0.001432664756,0,0,2017-11-09
282,0,-0.001396648045,-0.00143472023,-0.001412429379,-0.005578800558,2017-11-10
283,0,0,0,0,0,2017-11-11
284,0,0,0,0,0,2017-11-12
285,-0.008207934337,-0.002797202797,0,0,0,2017-11-13
286,-0.001379310345,0,0,0,0.001402524544,2017-11-14
287,0,0,0,0,0,2017-11-15
288,0,-0.002805049088,-0.001436781609,-0.004243281471,0,2017-11-16
289,0,-0.002812939522,-0.002877697842,-0.001420454545,-0.00700280112,2017-11-17
290,0,0,0,0,0,2017-11-18
291,0,0,0,0,0,2017-11-19
292,0,0,0,0,0,2017-11-20
293,-0.0138121547,0,0,-0.002844950213,-0.001410437236,2017-11-21
294,-0.001400560224,0,-0.005772005772,-0.002853067047,0,2017-11-22
295,0,-0.009873060649,-0.00435413643,-0.004291845494,0,2017-11-23
296,0,-0.001424501425,0,0,-0.008474576271,2017-11-24
297,0,0,0,0,0,2017-11-25
298,0,0,0,0,0,2017-11-26
299,-0.008415147265,-0.002853067047,0,0,-0.001424501425,2017-11-27
300,-0.002828854314,0,0,-0.002873563218,-0.002853067047,2017-11-28
301,-0.001418439716,0,-0.004373177843,-0.00288184438,0,2017-11-29
302,0,-0.004291845494,0.001464128843,-0.001445086705,0,2017-11-30
303,0,-0.001436781609,0,-0.001447178003,0.002861230329,2017-12-01
304,0,0,0,0,0,2017-12-02
305,0,0,0,0,0,2017-12-03
306,-0.008522727273,-0.002877697842,0,0,-0.002853067047,2017-12-04
307,-0.004297994269,0,0,-0.004347826087,-0.004291845494,2017-12-05
308,-0.004316546763,0,-0.005847953216,-0.002911208151,0,2017-12-06
309,0,-0.005772005772,-0.002941176471,-0.001459854015,0,2017-12-07
310,0,-0.00145137881,-0.002949852507,-0.001461988304,-0.002873563218,2017-12-08
311,0,0,0,0,0,2017-12-09
312,0,0,0,0,0,2017-12-10
313,-0.004335260116,0,0,0,-0.00144092219,2017-12-11
314,0,0,0,0,-0.001443001443,2017-12-12
315,0,0,-0.002958579882,-0.001464128843,0,2017-12-13
316,0,0,0,0,0,2017-12-14
317,0,0,-0.001483679525,0,-0.005780346821,2017-12-15
318,0,0,0,0,0,2017-12-16
319,0,0,0,0,0,2017-12-17
320,0,-0.002906976744,0,0,0,2017-12-18
321,0,0,0,-0.00293255132,0,2017-12-19
322,0,0,-0.004457652303,0,0,2017-12-20
323,0,-0.001457725948,0.001492537313,-0.001470588235,0,2017-12-21
324,0,0,-0.001490312966,-0.00147275405,-0.001453488372,2017-12-22
325,0,0,0,0,0,2017-12-23
326,0,0,0,0,0,2017-12-24
327,0,0,0,0,0,2017-12-25
328,0,0,0,-0.001474926254,-0.002911208151,2017-12-26
329,0.00145137881,0,-0.002985074627,0,0,2017-12-27
330,0,-0.002919708029,-0.001497005988,0,0,2017-12-28
331,0,0,0,0,0,2017-12-29
332,0,0,0,0,0,2017-12-30
333,0,0,0,0,0,2017-12-31
334,0,0,0,0,0,2018-01-01
335,0,0,0,-0.004431314623,-0.007299270073,2018-01-02
336,-0.001449275362,0,-0.005997001499,-0.00296735905,0,2018-01-03
337,0,-0.005856515373,-0.001508295626,0,0,2018-01-04
338,0,0,0.001510574018,0.001488095238,-0.001470588235,2018-01-05
339,0,0,0,0,0,2018-01-06
340,0,0,0,0,0,2018-01-07
341,-0.00435413643,-0.0029455081,0,0,0.0029455081,2018-01-08
342,-0.001457725948,0,0,-0.002971768202,0.001468428781,2018-01-09
343,0.002919708029,0,0.006033182504,0.001490312966,0,2018-01-10
344,0,0.001477104874,0.004497751124,0.002976190476,0,2018-01-11
345,0,0,0.00447761194,0.001483679525,0.01759530792,2018-01-12
346,0,0,0,0,0,2018-01-13
347,0,0,0,0,0,2018-01-14
348,-0.005822416303,-0.001474926254,0,0,-0.00288184438,2018-01-15
349,-0.001464128843,0,0,-0.001481481481,0.001445086705,2018-01-16
350,0,0,-0.002971768202,-0.001483679525,0,2018-01-17
351,0,-0.001477104874,0,0,0,2018-01-18
352,0,0,0,0,0.002886002886,2018-01-19
353,0,0,0,0,0,2018-01-20
354,0,0,0,0,0,2018-01-21
355,-0.005865102639,-0.001479289941,0,0,0.002877697842,2018-01-22
356,0,0,0,-0.002971768202,-0.002869440459,2018-01-23
357,-0.001474926254,0,-0.008941877794,-0.005961251863,0,2018-01-24
358,0,0,0,0,0,2018-01-25
359,0,-0.007407407407,-0.004511278195,0,-0.01582733813,2018-01-26
360,0,0,0,0,0,2018-01-27
361,0,0,0,0,0,2018-01-28
362,-0.002954209749,0,0,0,0.002923976608,2018-01-29
363,-0.002962962963,0,0,-0.001499250375,0.004373177843,2018-01-30
364,-0.001485884101,0,0,0,0,2018-01-31
365,0,-0.00447761194,0,-0.004504504505,0,2018-02-01
366,0,-0.001499250375,0,0,0.00435413643,2018-02-02
367,0,0,0,0,0,2018-02-03
368,0,0,0,0,0,2018-02-04
369,-0.005952380952,-0.003003003003,0,0,0.001445086705,2018-02-05
370,-0.002994011976,0,0,0.001508295626,0.001443001443,2018-02-06
371,-0.001501501502,0,0,-0.004518072289,0,2018-02-07
372,0,0,0,0,0,2018-02-08
373,0,-0.003012048193,-0.004531722054,-0.001512859304,-0.01585014409,2018-02-09
374,0,0,0,0,0,2018-02-10
375,0,0,0,0,0,2018-02-11
376,0,0,0,0,0,2018-02-12
377,0,0,0,0,0,2018-02-13
378,0,0,0,0,0,2018-02-14
379,0,-0.004531722054,-0.006069802731,-0.004545454545,0,2018-02-15
380,0,-0.001517450683,0,-0.001522070015,-0.01610541728,2018-02-16
381,0,0,0,0,0,2018-02-17
382,0,0,0,0,0,2018-02-18
383,-0.004511278195,0,0,0,-0.004464285714,2018-02-19
384,-0.001510574018,0,0,-0.003048780488,-0.001494768311,2018-02-20
385,0,0,-0.006106870229,-0.003058103976,0,2018-02-21
386,0,-0.001519756839,0.003072196621,0.003067484663,0,2018-02-22
387,0,-0.001522070015,-0.004594180704,-0.001529051988,-0.001497005988,2018-02-23
388,0,0,0,0,0,2018-02-24
389,0,0,0,0,0,2018-02-25
390,-0.001512859304,0,0,0,0.00299850075,2018-02-26
391,0.001515151515,0,0,0.003062787136,0.001494768311,2018-02-27
392,0,0,0.001538461538,-0.001526717557,0,2018-02-28
393,0,-0.003048780488,0,-0.004587155963,0,2018-03-01
394,0,0,-0.004608294931,0,-0.01343283582,2018-03-02
395,0,0,0,0,0,2018-03-03
396,0,0,0,0,0,2018-03-04
397,-0.00756429652,-0.006116207951,0,0,-0.00756429652,2018-03-05
398,-0.001524390244,0,0,-0.007680491551,0,2018-03-06
399,-0.001526717557,0,-0.007716049383,-0.001547987616,0,2018-03-07
400,0,-0.003076923077,0,0,0,2018-03-08
401,0,0,-0.001555209953,0,0,2018-03-09
402,0,0,0,0,0,2018-03-10
403,0,0,0,0,0,2018-03-11
404,-0.004587155963,-0.003086419753,0,0,-0.003048780488,2018-03-12
405,-0.00153609831,0,0,0,0.003058103976,2018-03-13
406,-0.001538461538,0,-0.001557632399,0,0,2018-03-14
407,0,0,0.003120124805,-0.001550387597,0,2018-03-15
408,0,0,-0.001555209953,0,0.003048780488,2018-03-16
409,0,0,0,0,0,2018-03-17
410,0,0,0,0,0,2018-03-18
411,-0.006163328197,-0.006191950464,0,0,-0.003039513678,2018-03-19
412,-0.001550387597,0,0,-0.006211180124,0.001524390244,2018-03-20
413,-0.003105590062,0,-0.003115264798,0,0,2018-03-21
414,0,-0.009345794393,-0.025,-0.0125,0,2018-03-22
415,0,0,0,-0.001582278481,-0.03500761035,2018-03-23
416,0,0,0,0,0,2018-03-24
417,0,0,0,0,0,2018-03-25
418,-0.003115264798,-0.001572327044,0,0,-0.006309148265,2018-03-26
419,-0.0015625,0,0,0,0.003174603175,2018-03-27
420,0,0,0,-0.001584786054,0,2018-03-28
421,0,0,-0.003205128205,0,0,2018-03-29
422,0,0,0,0,0,2018-03-30
423,0,0,0,0,0,2018-03-31
424,0,0,0,0,0,2018-04-01
425,0,0.00157480315,0,0,-0.003164556962,2018-04-02
426,0,0,0,0,0.003174603175,2018-04-03
427,0,0,0.001607717042,-0.001587301587,0,2018-04-04
428,0,-0.001572327044,0,0,0,2018-04-05
429,0,-0.00157480315,0,0,0.004746835443,2018-04-06
430,0,0,0,0,0,2018-04-07
431,0,0,0,0,0,2018-04-08
432,-0.007824726135,-0.006309148265,0,0,0.004724409449,2018-04-09
433,0.004731861199,0,0,0,0,2018-04-10
434,-0.001569858713,0,0,-0.003179650238,0,2018-04-11
435,0,0.001587301587,-0.001605136437,0,0,2018-04-12
436,0,0,-0.001607717042,0,-0.009404388715,2018-04-13
437,0,0,0,0,0,2018-04-14
438,0,0,0,0,0,2018-04-15
439,-0.001572327044,-0.001584786054,0,0,0.001582278481,2018-04-16
440,-0.00157480315,0,0,-0.003189792663,0.001579778831,2018-04-17
441,0,0,-0.001610305958,-0.0016,0,2018-04-18
442,0,-0.003174603175,0,0,0,2018-04-19
443,0,-0.001592356688,-0.001612903226,0,0,2018-04-20
444,0,0,0,0,0,2018-04-21
445,0,0,0,0,0,2018-04-22
446,-0.003154574132,-0.001594896332,0,0,0.003154574132,2018-04-23
447,0,0,0,-0.003205128205,0,2018-04-24
448,0,0,0.004846526656,0.003215434084,0,2018-04-25
449,0,0.001597444089,-0.001607717042,0,0,2018-04-26
450,0,-0.003189792663,-0.001610305958,-0.003205128205,-0.003144654088,2018-04-27
451,0,0,0,0,0,2018-04-28
452,0,0,0,0,0,2018-04-29
453,-0.001582278481,-0.0016,0,0,0.006309148265,2018-04-30
454,0,0,0,0,0,2018-05-01
455,-0.001584786054,0,0.004838709677,0.001607717042,0,2018-05-02
456,0,0.001602564103,0.001605136437,0,0,2018-05-03
457,0,-0.0016,-0.001602564103,0,0.01253918495,2018-05-04
458,0,0,0,0,0,2018-05-05
459,0,0,0,0,0,2018-05-06
460,-0.004761904762,0,0,0,0.004643962848,2018-05-07
461,0.003189792663,0,0,0.00481540931,0.01386748844,2018-05-08
462,-0.004769475358,0,0.001605136437,-0.004792332268,0,2018-05-09
463,0,-0.004807692308,-0.004807692308,-0.00481540931,0,2018-05-10
464,0,0,0.004830917874,0.001612903226,-0.003039513678,2018-05-11
465,0,0,0,0,0,2018-05-12
466,0,0,0,0,0,2018-05-13
467,-0.001597444089,0.004830917874,0,0,0.01524390244,2018-05-14
468,0,0,0,0.004830917874,-0.003003003003,2018-05-15
469,-0.0032,0,0.003205128205,-0.003205128205,0,2018-05-16
470,0,0.02884615385,0.03993610224,0.03215434084,0,2018-05-17
471,0,0.003115264798,0.01075268817,0.007788161994,0.05873493976,2018-05-18
472,0,0,0,0,0,2018-05-19
473,0,0,0,0,0,2018-05-20
474,0.02889245586,-0.001552795031,0,0,0.001422475107,2018-05-21
475,0,0,0,-0.00772797527,-0.01136363636,2018-05-22
476,0,0,-0.007598784195,0.003115264798,0,2018-05-23
477,0,0.001555209953,0.007656967841,0.003105590062,0,2018-05-24
478,0,0,0.006079027356,0.003095975232,0.007183908046,2018-05-25
479,0,0,0,0,0,2018-05-26
480,0,0,0,0,0,2018-05-27
481,0.001560062402,0.003105590062,0,0,0.01854493581,2018-05-28
482,0.001557632399,0,0,0.00462962963,0.00700280112,2018-05-29
483,0,0,0.0166163142,0.003072196621,0,2018-05-30
484,0,0,0,0,0,2018-05-31
485,0,-0.001547987616,-0.004457652303,0,-0.006954102921,2018-06-01
486,0,0,0,0,0,2018-06-02
487,0,0,0,0,0,2018-06-03
488,0,0.001550387597,0,0,-0.008403361345,2018-06-04
489,0.003110419907,0,0,0.006125574273,0.03672316384,2018-06-05
490,0.003100775194,0,0.02835820896,0.00304414003,0,2018-06-06
491,0,0.0479876161,0.07982583454,0.04855842185,0,2018-06-07
492,0,-0.01624815362,-0.02822580645,-0.01447178003,0.09400544959,2018-06-08
493,0,0,0,0,0,2018-06-09
494,0,0,0,0,0,2018-06-10
495,0.01081916538,-0.003003003003,0,0,-0.01245330012,2018-06-11
496,0,0,0,-0.01468428781,0,2018-06-12
497,0.003058103976,0,-0.01244813278,0.01043219076,0,2018-06-13
498,0,0.03012048193,0.04621848739,0.03097345133,0,2018-06-14
499,0,-0.02777777778,-0.03078982597,-0.03004291845,0.03026481715,2018-06-15
500,0,0,0,0,0,2018-06-16
501,0,0,0,0,0,2018-06-17
502,-0.01219512195,-0.01052631579,0,0,-0.01223990208,2018-06-18
503,-0.00462962963,0,0,-0.02359882006,-0.02850061958,2018-06-19
504,0,0,-0.03453038674,-0.001510574018,0,2018-06-20
505,0,-0.01215805471,0.001430615165,-0.004538577912,0,2018-06-21
506,0,-0.001538461538,0,-0.003039513678,0.01020408163,2018-06-22
507,0,0,0,0,0,2018-06-23
508,0,0,0,0,0,2018-06-24
509,-0.006201550388,-0.003081664099,0,0,0,2018-06-25
510,0,0,0,-0.004573170732,-0.02525252525,2018-06-26
511,0.001560062402,0,-0.008571428571,0.004594180704,0,2018-06-27
512,0,0,0,-0.009146341463,0,2018-06-28
513,0,0.00772797527,-0.01873198847,0.001538461538,-0.01813471503,2018-06-29
514,0,0,0,0,0,2018-06-30
515,0,0,0,0,0,2018-07-01
516,0,-0.009202453988,0,0,-0.002638522427,2018-07-02
517,-0.001557632399,0,0,0.00153609831,0.01322751323,2018-07-03
518,0.001560062402,0,0.004405286344,0.001533742331,0,2018-07-04
519,0,0.00773993808,0,0.006125574273,0,2018-07-05
520,0,-0.006144393241,-0.002923976608,-0.004566210046,-0.009138381201,2018-07-06
521,0,0,0,0,0,2018-07-07
522,0,0,0,0,0,2018-07-08
523,0,0,0,0,0,2018-07-09
524,0.001557632399,0,0,-0.001529051988,-0.006587615283,2018-07-10
525,0.001555209953,0,0.00293255132,0.003062787136,0,2018-07-11
526,0,0.001545595054,0.008771929825,0.001526717557,0,2018-07-12
527,-0.003105590062,-0.00462962963,0,0,0.006631299735,2018-07-13
528,0,0,0,0,0,2018-07-14
529,0,0,0,0,0,2018-07-15
530,0,0,0,0,0,2018-07-16
531,-0.001557632399,0,0,-0.0137195122,-0.01185770751,2018-07-17
532,0,0,-0.01594202899,0.003091190108,0,2018-07-18
533,0,-0.001550387597,0,-0.001540832049,0,2018-07-19
534,0,-0.003105590062,-0.00441826215,-0.001543209877,0.001333333333,2018-07-20
535,0,0,0,0,0,2018-07-21
536,0,0,0,0,0,2018-07-22
537,0.001560062402,0.003115264798,0,0,0.007989347537,2018-07-23
538,-0.001557632399,0,0,0.004636785162,-0.005284015852,2018-07-24
539,0,0,-0.007396449704,-0.006153846154,0,2018-07-25
540,0,-0.001552795031,0.001490312966,0.003095975232,0,2018-07-26
541,0,0,-0.001488095238,-0.003086419753,-0.01859229748,2018-07-27
542,0,0,0,0,0,2018-07-28
543,0,0,0,0,0,2018-07-29
544,0,0,0,0,0.002706359946,2018-07-30
545,0,0,0,0.001547987616,-0.001349527665,2018-07-31
546,0,0,0.001490312966,-0.001545595054,0,2018-08-01
547,0,-0.001555209953,0,-0.001547987616,0,2018-08-02
548,0,0,0,0.003100775194,-0.002702702703,2018-08-03
549,0,0,0,0,0,2018-08-04
550,0,0,0,0,0,2018-08-05
551,-0.001560062402,0.001557632399,0,0,0.00135501355,2018-08-06
552,0.0015625,0,0,0.001545595054,0.009472259811,2018-08-07
553,0,0,0.00744047619,0,0,2018-08-08
554,0,0.001555209953,0.005908419498,0.001543209877,0,2018-08-09
555,0,0.003105590062,0.02202643172,0.006163328197,0.05361930295,2018-08-10
556,0,0,0,0,0,2018-08-11
557,0,0,0,0,0,2018-08-12
558,0.001560062402,0,0,0,0.005089058524,2018-08-13
559,-0.001557632399,0,0,-0.001531393568,-0.02911392405,2018-08-14
560,0,0,-0.007183908046,0.001533742331,0,2018-08-15
561,0,-0.001547987616,-0.004341534009,-0.001531393568,0,2018-08-16
562,0,0.001550387597,-0.001453488372,0,0.001303780965,2018-08-17
563,0,0,0,0,0,2018-08-18
564,0,0,0,0,0,2018-08-19
565,0.001560062402,0.001547987616,0,0,0.01171875,2018-08-20
566,0.001557632399,0,0,0.009202453988,0.02702702703,2018-08-21
567,0,0,0.02037845706,0,0,2018-08-22
568,0,0.006182380216,0.01569186876,0.006079027356,0,2018-08-23
569,0,0,-0.001404494382,0.001510574018,0.002506265664,2018-08-24
570,0,0,0,0,0,2018-08-25
571,0,0,0,0,0,2018-08-26
572,0,-0.003072196621,0,0,-0.0025,2018-08-27
573,0.001555209953,0,0,0.001508295626,0.007518796992,2018-08-28
574,0,0,0.002812939522,-0.001506024096,0,2018-08-29
575,0,0.009244992296,0.02945301543,0.01960784314,0,2018-08-30
576,0,-0.003053435115,-0.008174386921,-0.004437869822,0.01865671642,2018-08-31
577,0,0,0,0,0,2018-09-01
578,0,0,0,0,0,2018-09-02
579,0.006211180124,0,0,0,0.01098901099,2018-09-03
580,0,0,0,0.002971768202,0.006038647343,2018-09-04
581,-0.001543209877,0,0,-0.001481481481,0,2018-09-05
582,0,-0.009188361409,0,-0.01038575668,0,2018-09-06
583,0,0,0,0,0,2018-09-07
584,0,0,0,0,0,2018-09-08
585,0,0,0,0,0,2018-09-09
586,-0.004636785162,0.004636785162,0,0,-0.01920768307,2018-09-10
587,0.001552795031,0,0,0.004497751124,-0.009791921665,2018-09-11
588,0,0,-0.01510989011,-0.001492537313,0,2018-09-12
589,0,0.009230769231,0.01394700139,0.008968609865,0,2018-09-13
590,0,0.004573170732,0.005502063274,0.004444444444,0.008652657602,2018-09-14
591,0,0,0,0,0,2018-09-15
592,0,0,0,0,0,2018-09-16
593,0,-0.006069802731,0,0,-0.01348039216,2018-09-17
594,0.001550387597,0,0,-0.01179941003,0,2018-09-18
595,-0.001547987616,0,-0.0123119015,0.002985074627,0,2018-09-19
596,0,-0.007633587786,-0.009695290859,-0.01041666667,-0.007453416149,2018-09-20
597,0,0,0,0,0,2018-09-21
598,0,0,0,0,0,2018-09-22
599,0,0,0,0,0,2018-09-23
600,-0.004651162791,0.003076923077,0,0,0.006257822278,2018-09-24
601,0,0,0,0.006015037594,0.001243781095,2018-09-25
602,-0.001557632399,0,-0.001398601399,0,0,2018-09-26
603,0,-0.003067484663,-0.00700280112,-0.007473841555,0,2018-09-27
604,0,0.003076923077,0.005641748942,0.006024096386,-0.01242236025,2018-09-28
605,0,0,0,0,0,2018-09-29
606,0,0,0,0,0,2018-09-30
607,0,0,0,0,-0.01006289308,2018-10-01
608,0,0,0,-0.008982035928,-0.005082592122,2018-10-02
609,0,0,-0.007012622721,0,0,2018-10-03
610,0,-0.001533742331,0.001412429379,0.003021148036,0,2018-10-04
611,0,0.00153609831,0.002820874471,0.001506024096,0.01021711367,2018-10-05
612,0,0,0,0,0,2018-10-06
613,0,0,0,0,0,2018-10-07
614,0.001560062402,-0.006134969325,0,0,-0.04424778761,2018-10-08
615,0.001557632399,0,0,-0.01804511278,-0.02777777778,2018-10-09
616,0.001555209953,0,-0.04500703235,0.004594180704,0,2018-10-10
617,0,0,-0.00736377025,-0.003048780488,0,2018-10-11
618,0,0,0,0,0,2018-10-12
619,0,0,0,0,0,2018-10-13
620,0,0,0,0,0,2018-10-14
621,0,0.001543209877,0,0,-0.005442176871,2018-10-15
622,0,0,0,-0.003058103976,-0.008207934337,2018-10-16
623,-0.001552795031,0,-0.007418397626,-0.001533742331,0,2018-10-17
624,0,-0.003081664099,0.001494768311,0,0,2018-10-18
625,0,0,0.001492537313,0.00153609831,0.008275862069,2018-10-19
626,0,0,0,0,0,2018-10-20
627,0,0,0,0,0,2018-10-21
628,0,-0.001545595054,0,0,-0.0123119015,2018-10-22
629,-0.001555209953,0,0,-0.006134969325,-0.005540166205,2018-10-23
630,0.001557632399,0,-0.01192250373,0.001543209877,0,2018-10-24
631,0,0.001547987616,0.006033182504,0,0,2018-10-25
632,0,0,-0.00299850075,0.003081664099,-0.00139275766,2018-10-26
633,0,0,0,0,0,2018-10-27
634,0,0,0,0,0,2018-10-28
635,-0.001555209953,-0.006182380216,0,0,-0.009762900976,2018-10-29
636,0,0,0,-0.007680491551,-0.01126760563,2018-10-30
637,-0.001557632399,0,-0.01353383459,-0.003095975232,0,2018-10-31
638,0,-0.001555209953,0,0,0,2018-11-01
639,0,0,0,0,0,2018-11-02
640,0,0,0,0,0,2018-11-03
641,0,0,0,0,0,2018-11-04
642,0,0.001557632399,0,0,-0.005698005698,2018-11-05
643,0,0,0,0,0.002865329513,2018-11-06
644,0,0,-0.003048780488,0,0,2018-11-07
645,0,0,0.004587155963,0.001552795031,0,2018-11-08
646,0,0,-0.001522070015,0,-0.001428571429,2018-11-09
647,0,0,0,0,0,2018-11-10
648,0,0,0,0,0,2018-11-11
649,0.001560062402,0.001555209953,0,0,-0.004291845494,2018-11-12
650,0,0,0,0,-0.002873563218,2018-11-13
651,0,0,-0.003048780488,0,0,2018-11-14
652,0,0,0,0,0,2018-11-15
653,0,0,-0.001529051988,0,-0.02305475504,2018-11-16
654,0,0,0,0,0,2018-11-17
655,0,0,0,0,0,2018-11-18
656,0,0.001552795031,0,0,0.01032448378,2018-11-19
657,0,0,0,0,0,2018-11-20
658,0,0,0.004594180704,0.004651162791,0,2018-11-21
659,0,-0.001550387597,0.001524390244,0,0,2018-11-22
660,0,0,-0.00304414003,-0.001543209877,-0.002919708029,2018-11-23
661,0,0,0,0,0,2018-11-24
662,0,0,0,0,0,2018-11-25
663,-0.001557632399,-0.001552795031,0,0,0.00878477306,2018-11-26
664,0.001560062402,0,0,0,0.007256894049,2018-11-27
665,0,0,0,-0.003091190108,0,2018-11-28
666,0,0,-0.001526717557,0,0,2018-11-29
667,0,0,0.001529051988,-0.001550387597,-0.004322766571,2018-11-30
668,0,0,0,0,0,2018-12-01
669,0,0,0,0,0,2018-12-02
670,-0.003115264798,0,0,0,-0.004341534009,2018-12-03
671,0.003125,0,0,0,0.005813953488,2018-12-04
672,-0.001557632399,0,-0.003053435115,0,0,2018-12-05
673,0,0,-0.009188361409,-0.001552795031,-0.02601156069,2018-12-06
674,0,0,0,0,0,2018-12-07
675,0,0,0,0,0,2018-12-08
676,0,0,0,0,0,2018-12-09
677,0,0,0,0,-0.00296735905,2018-12-10
678,0,0,0,0,-0.002976190476,2018-12-11
679,0,0,0,0,0,2018-12-12
680,0,-0.003110419907,-0.004636785162,-0.001555209953,-0.01940298507,2018-12-13
681,0,0,0,0,0,2018-12-14
682,0,0,0,0,0,2018-12-15
683,0,0,0,0,0,2018-12-16
684,0,0,0,0,0.001522070015,2018-12-17
685,0,0,0,0.001557632399,0.007598784195,2018-12-18
686,0,0,0.001552795031,0,0,2018-12-19
687,0,0,0,0,0,2018-12-20
688,0,0.001560062402,0.001550387597,0,-0.00754147813,2018-12-21
689,0,0,0,0,0,2018-12-22
690,0,0,0,0,0,2018-12-23
691,0,0,0,0,0,2018-12-24
692,0,0,0,0,0,2018-12-25
693,0,0,0,0,0,2018-12-26
694,0,0,0,0,0,2018-12-27
695,0,-0.001557632399,-0.001547987616,0,-0.004559270517,2018-12-28
696,0,0,0,0,0,2018-12-29
697,0,0,0,0,0,2018-12-30
698,0,0,0,0,0,2018-12-31
699,0,0,0,0,0,2019-01-01
700,0,0,-0.004651162791,0,0,2019-01-02
701,0,0,0.003115264798,0,0,2019-01-03
702,0,0,0,0,-0.004580152672,2019-01-04
703,0,0,0,0,0,2019-01-05
704,0,0,0,0,0,2019-01-06
705,0,0.001560062402,0,0,0.01073619632,2019-01-07
706,0,0,0,0,-0.001517450683,2019-01-08
707,0,0,0.001552795031,-0.001555209953,0,2019-01-09
708,0,-0.001557632399,0.001550387597,0.001557632399,0,2019-01-10
709,0,0,0,-0.001555209953,0.009118541033,2019-01-11
710,0,0,0,0,0,2019-01-12
711,0,0,0,0,0,2019-01-13
712,0,0,0,0,-0.007530120482,2019-01-14
713,0,0,0,0,0.004552352049,2019-01-15
714,0,0.001560062402,-0.003095975232,0.001557632399,0,2019-01-16
715,0,0,0,0,0,2019-01-17
716,0,-0.001557632399,-0.001552795031,-0.003110419907,-0.009063444109,2019-01-18
717,0,0,0,0,0,2019-01-19
718,0,0,0,0,0,2019-01-20
719,0.001560062402,0.001560062402,0,0,0.001524390244,2019-01-21
720,-0.001557632399,0,0,0,-0.01065449011,2019-01-22
721,0,0,-0.006220839813,-0.001560062402,0,2019-01-23
722,0,-0.001557632399,0.001564945227,0,0,2019-01-24
723,0,0,0,0,0,2019-01-25
724,0,0,0,0,0,2019-01-26
725,0,0,0,0,0,2019-01-27
726,0,-0.001560062402,0,0,0.001538461538,2019-01-28
727,0,0,0,0,-0.003072196621,2019-01-29
728,0,0,0,0,0,2019-01-30
729,0,0,-0.003125,0,0,2019-01-31
730,0,0,0,0,-0.01540832049,2019-02-01
731,0,0,0,0,0,2019-02-02
732,0,0,0,0,0,2019-02-03
733,-0.001560062402,0,0,0,0.003129890454,2019-02-04
734,0,0,0,0,0,2019-02-05
735,0,0,-0.001567398119,-0.0015625,0,2019-02-06
736,0,0,0.004709576138,0.003129890454,0,2019-02-07
737,0,0.0015625,0.003125,0,0.02496099844,2019-02-08
738,0,0,0,0,0,2019-02-09
739,0,0,0,0,0,2019-02-10
740,0,0,0,0,0,2019-02-11
741,0,0,0,0.001560062402,-0.004566210046,2019-02-12
742,0.0015625,0,-0.003115264798,-0.001557632399,0,2019-02-13
743,0,-0.001560062402,-0.003125,-0.001560062402,0,2019-02-14
744,0,0.0015625,0,0.0015625,-0.02293577982,2019-02-15
745,0,0,0,0,0,2019-02-16
746,0,0,0,0,0,2019-02-17
747,-0.001560062402,0,0,0,0.004694835681,2019-02-18
748,0,0,0,-0.001560062402,-0.001557632399,2019-02-19
749,0,0,0.001567398119,0.0015625,0,2019-02-20
750,0,0,0.001564945227,0,0,2019-02-21
751,0,0.001560062402,0,0.001560062402,0.01092043682,2019-02-22
752,0,0,0,0,0,2019-02-23
753,0,0,0,0,0,2019-02-24
754,0.0015625,-0.001557632399,0,0,0.00462962963,2019-02-25
755,0,0,0,0,0.003072196621,2019-02-26
756,-0.001560062402,0,0.0015625,0,0,2019-02-27
757,0,0,0,0,0,2019-02-28
758,0,0,0,0,0,2019-03-01
759,0,0,0,0,0,2019-03-02
760,0,0,0,0,0,2019-03-03
761,0,0,0,0,0,2019-03-04
762,0,0,0,0,0,2019-03-05
763,0,0,0,0,0,2019-03-06
764,0,0,0.003120124805,0,0,2019-03-07
765,0,0.001560062402,0,0,-0.001531393568,2019-03-08
766,0,0,0,0,0,2019-03-09
767,0,0,0,0,0,2019-03-10
768,0.0015625,-0.001557632399,0,0,-0.003067484663,2019-03-11
769,0,0,0,-0.001557632399,-0.004615384615,2019-03-12
770,0,0,-0.006220839813,-0.001560062402,0,2019-03-13
771,0,0,0,0,0,2019-03-14
772,0,0,-0.001564945227,0,-0.006182380216,2019-03-15
773,0,0,0,0,0,2019-03-16
774,0,0,0,0,0,2019-03-17
775,0,-0.001560062402,0,0,-0.00466562986,2019-03-18
776,0,0,0,-0.0015625,0.0015625,2019-03-19
777,0,0,-0.004702194357,-0.001564945227,0,2019-03-20
778,0,0.0015625,0.004724409449,0.003134796238,0,2019-03-21
779,0,0.001560062402,0.007836990596,0,0.02028081123,2019-03-22
780,0,0,0,0,0,2019-03-23
781,0,0,0,0,0,2019-03-24
782,0,0,0,0,-0.003058103976,2019-03-25
783,0,0,0,0.0046875,0.001533742331,2019-03-26
784,0.001560062402,0,0.007776049767,0.001555209953,0,2019-03-27
785,0,0,-0.001543209877,-0.003105590062,0,2019-03-28
786,0,0,0.001545595054,0.001557632399,0.007656967841,2019-03-29
787,0,0,0,0,0,2019-03-30
788,0,0,0,0,0,2019-03-31
789,0,0.001557632399,0,0,-0.007598784195,2019-04-01
790,-0.001557632399,0,0,0,0,2019-04-02
791,0,0,-0.001543209877,0,0,2019-04-03
792,0,-0.001555209953,0.001545595054,0,0,2019-04-04
793,0,-0.001557632399,-0.003086419753,0,0,2019-04-05
794,0,0,0,0,0,2019-04-06
795,0,0,0,0,0,2019-04-07
796,0,0.001560062402,0,0,0,2019-04-08
797,0,0,0,0,0.004594180704,2019-04-09
798,0,0,-0.001547987616,0,0,2019-04-10
799,0,0,0.001550387597,0,0,2019-04-11
800,0,0,-0.001547987616,0,-0.003048780488,2019-04-12
801,0,0,0,0,0,2019-04-13
802,0,0,0,0,0,2019-04-14
803,0,0,0,0,-0.001529051988,2019-04-15
804,0,0,0,-0.001555209953,0,2019-04-16
805,-0.001560062402,0,0,0.001557632399,0,2019-04-17
806,0,-0.001557632399,0,-0.001555209953,0,2019-04-18
807,0,0,0,0,0,2019-04-19
808,0,0,0,0,0,2019-04-20
809,0,0,0,0,0,2019-04-21
810,0,0,0,0,-0.007656967841,2019-04-22
811,0,0,0,-0.001557632399,-0.00462962963,2019-04-23
812,0.0015625,0,0,0,0,2019-04-24
813,0,0,-0.003100775194,0.001560062402,0,2019-04-25
814,0,0,0.003110419907,0.001557632399,0.01550387597,2019-04-26
815,0,0,0,0,0,2019-04-27
816,0,0,0,0,0,2019-04-28
817,-0.001560062402,0.001560062402,0,0,0.004580152672,2019-04-29
818,0.0015625,0,0,0,-0.001519756839,2019-04-30
819,0,0,0,0,0,2019-05-01
820,0,-0.001557632399,0.004651162791,0,0,2019-05-02
821,0,0,-0.00462962963,0,-0.006088280061,2019-05-03
822,0,0,0,0,0,2019-05-04
823,0,0,0,0,0,2019-05-05
824,-0.001560062402,0,0,0,-0.004594180704,2019-05-06
825,0,0,0,-0.001555209953,0,2019-05-07
826,0.0015625,0,-0.004651162791,0,0,2019-05-08
827,0,0,-0.003115264798,-0.001557632399,0,2019-05-09
828,0,0,-0.0015625,-0.001560062402,-0.004615384615,2019-05-10
829,0,0,0,0,0,2019-05-11
830,0,0,0,0,0,2019-05-12
831,0,0,0,0,0.004636785162,2019-05-13
832,-0.001560062402,0,0,0.0015625,-0.006153846154,2019-05-14
833,0.0015625,0,0.001564945227,0,0,2019-05-15
834,0,0,0.0015625,0.001560062402,0,2019-05-16
835,0,0.001560062402,0.004680187207,0.003115264798,0.01857585139,2019-05-17
836,0,0,0,0,0,2019-05-18
837,0,0,0,0,0,2019-05-19
838,0,0,0,0,-0.007598784195,2019-05-20
839,0,0,0,-0.003105590062,-0.007656967841,2019-05-21
840,0,0,-0.004658385093,0,0,2019-05-22
841,0,-0.001557632399,-0.001560062402,0,0,2019-05-23
842,0,0,-0.0015625,-0.001557632399,-0.01080246914,2019-05-24
843,0,0,0,0,0,2019-05-25
844,0,0,0,0,0,2019-05-26
845,0,-0.001560062402,0,0,-0.001560062402,2019-05-27
846,0,0,0,-0.001560062402,-0.0125,2019-05-28
847,0,0,-0.004694835681,-0.0015625,0,2019-05-29
848,0,0,-0.001572327044,-0.001564945227,0,2019-05-30
849,0,0,-0.003149606299,0,-0.006329113924,2019-05-31
850,0,0,0,0,0,2019-06-01
851,0,0,0,0,0,2019-06-02
852,-0.001560062402,0,0,0,-0.004777070064,2019-06-03
853,0,0,0,-0.003134796238,-0.008,2019-06-04
854,0,0,-0.001579778831,0.003144654088,0,2019-06-05
855,0,0,0,0,0,2019-06-06
856,0,-0.0015625,-0.006329113924,-0.001567398119,-0.008064516129,2019-06-07
857,0,0,0,0,0,2019-06-08
858,0,0,0,0,0,2019-06-09
859,-0.0015625,-0.001564945227,0,0,-0.009756097561,2019-06-10
860,0,0,0,-0.003139717425,-0.00328407225,2019-06-11
861,-0.001564945227,0,-0.009554140127,-0.003149606299,0,2019-06-12
862,0,-0.006269592476,-0.01286173633,-0.004739336493,0,2019-06-13
863,-0.001567398119,-0.001577287066,0,0,0,2019-06-14
864,0,0,0,0,0,2019-06-15
865,0,0,0,0,0,2019-06-16
866,0,0,0,0,0,2019-06-17
867,0,0,0,-0.001587301587,-0.02471169687,2019-06-18
868,0,0,-0.00325732899,0,0,2019-06-19
869,0,0,0,0,0,2019-06-20
870,0,0.001579778831,-0.01633986928,-0.003179650238,-0.02364864865,2019-06-21
871,0,0,0,0,0,2019-06-22
872,0,0,0,0,0,2019-06-23
873,0.004709576138,-0.001577287066,0,0,0,2019-06-24
874,0,0,0,0.006379585327,0.01730103806,2019-06-25
875,0,0,0.004983388704,0,0,2019-06-26
876,0,0.004739336493,0,-0.001584786054,0,2019-06-27
877,0,0,0,-0.003174603175,-0.01360544218,2019-06-28
878,0,0,0,0,0,2019-06-29
879,0,0,0,0,0,2019-06-30
880,0,-0.001572327044,0,0,-0.005172413793,2019-07-01
881,0.0015625,0,0,-0.001592356688,0.005199306759,2019-07-02
882,-0.001560062402,0,-0.01157024793,-0.001594896332,0,2019-07-03
883,0,-0.01102362205,-0.01672240803,-0.01118210863,0,2019-07-04
884,0,-0.003184713376,0,-0.004846526656,-0.02413793103,2019-07-05
885,0,0,0,0,0,2019-07-06
886,0,0,0,0,0,2019-07-07
887,-0.0078125,-0.006389776358,0,0,-0.005300353357,2019-07-08
888,0,0,0,0,0,2019-07-09
889,-0.006299212598,0,-0.02040816327,-0.01785714286,0,2019-07-10
890,0,-0.009646302251,-0.001736111111,0,0,2019-07-11
891,0,-0.003246753247,-0.00347826087,-0.003305785124,-0.01065719361,2019-07-12
892,0,0,0,0,0,2019-07-13
893,0,0,0,0,0,2019-07-14
894,-0.01109350238,-0.004885993485,0,0,-0.005385996409,2019-07-15
895,0,0,0,-0.004975124378,0.003610108303,2019-07-16
896,-0.003205128205,0,-0.005235602094,-0.001666666667,0,2019-07-17
897,0,-0.004909983633,-0.00350877193,-0.003338898164,0,2019-07-18
898,0,-0.003289473684,-0.005281690141,-0.003350083752,-0.01079136691,2019-07-19
899,0,0,0,0,0,2019-07-20
900,0,0,0,0,0,2019-07-21
901,-0.01286173633,-0.00495049505,0,0,-0.007272727273,2019-07-22
902,-0.004885993485,0,0,-0.01176470588,-0.009157509158,2019-07-23
903,-0.003273322422,0,-0.01769911504,-0.001700680272,0,2019-07-24
904,0,-0.008291873964,0.001801801802,-0.001703577513,0,2019-07-25
905,0,-0.003344481605,-0.001798561151,-0.001706484642,0.001848428835,2019-07-26
906,0,0,0,0,0,2019-07-27
907,0,0,0,0,0,2019-07-28
908,-0.008210180624,-0.003355704698,0,0,-0.00184501845,2019-07-29
909,-0.004966887417,0,0,-0.008547008547,-0.003696857671,2019-07-30
910,-0.001663893511,0,0.003603603604,0.003448275862,0,2019-07-31
911,0,-0.01851851852,-0.0197486535,-0.01890034364,0,2019-08-01
912,0,0,0,-0.001751313485,-0.00185528757,2019-08-02
913,0,0,0,0,0,2019-08-03
914,0,0,0,0,0,2019-08-04
915,-0.01833333333,-0.003430531732,0,0,0.02044609665,2019-08-05
916,-0.001697792869,0,0,0,-0.014571949,2019-08-06
917,0,0,-0.001831501832,-0.00350877193,0,2019-08-07
918,0,-0.005163511188,-0.005504587156,-0.003521126761,0,2019-08-08
919,0,-0.001730103806,-0.007380073801,-0.005300353357,-0.02033271719,2019-08-09
920,0,0,0,0,0,2019-08-10
921,0,0,0,0,0,2019-08-11
922,-0.003401360544,-0.003466204506,0,0,0.003773584906,2019-08-12
923,-0.001706484642,0,0,-0.001776198934,-0.001879699248,2019-08-13
924,-0.001709401709,0,0.001858736059,0,0,2019-08-14
925,0,-0.00347826087,0.00185528757,-0.001779359431,0,2019-08-15
926,0,-0.001745200698,-0.009259259259,-0.005347593583,-0.001883239171,2019-08-16
927,0,0,0,0,0,2019-08-17
928,0,0,0,0,0,2019-08-18
929,-0.003424657534,-0.003496503497,0,0,0.007547169811,2019-08-19
930,-0.001718213058,0,0,0,-0.001872659176,2019-08-20
931,-0.001721170396,0,-0.007476635514,-0.008960573477,0,2019-08-21
932,0,-0.005263157895,-0.003766478343,-0.001808318264,0,2019-08-22
933,0,-0.00176366843,0.003780718336,0.001811594203,-0.003752345216,2019-08-23
934,0,0,0,0,0,2019-08-24
935,0,0,0,0,0,2019-08-25
936,-0.003448275862,0,0,0,0.01129943503,2019-08-26
937,0,0,0,0.007233273056,0.01303538175,2019-08-27
938,0,0,0,-0.001795332136,0,2019-08-28
939,0,-0.003533568905,0,-0.001798561151,0,2019-08-29
940,0,-0.001773049645,0.005649717514,-0.009009009009,-0.01102941176,2019-08-30
941,0,0,0,0,0,2019-08-31
942,0,0,0,0,0,2019-09-01
943,-0.008650519031,-0.005328596803,0,0,0.005576208178,2019-09-02
944,-0.005235602094,0,0,-0.007272727273,-0.009242144177,2019-09-03
945,-0.00350877193,0,-0.007490636704,-0.003663003663,0,2019-09-04
946,0,-0.01071428571,-0.003773584906,-0.001838235294,0,2019-09-05
947,0,-0.005415162455,-0.003787878788,-0.005524861878,-0.01865671642,2019-09-06
948,0,0,0,0,0,2019-09-07
949,0,0,0,0,0,2019-09-08
950,-0.01408450704,-0.007259528131,0,0,-0.005703422053,2019-09-09
951,-0.005357142857,0,0,-0.005555555556,0.001912045889,2019-09-10
952,-0.003590664273,0,-0.005703422053,-0.003724394786,0,2019-09-11
953,0,-0.009140767824,-0.007648183556,-0.007476635514,0,2019-09-12
954,0,-0.00184501845,0,0,0,2019-09-13
955,0,0,0,0,0,2019-09-14
956,0,0,0,0,0,2019-09-15
957,-0.01441441441,0,0,0,-0.01908396947,2019-09-16
958,-0.005484460695,0,0,-0.01506591337,-0.009727626459,2019-09-17
959,-0.005514705882,0,-0.02119460501,-0.001912045889,0,2019-09-18
960,0,-0.02402957486,-0.02165354331,-0.01340996169,0,2019-09-19
961,0,-0.001893939394,0,-0.001941747573,-0.04322200393,2019-09-20
962,0,0,0,0,0,2019-09-21
963,0,0,0,0,0,2019-09-22
964,-0.003696857671,-0.003795066414,0,0,0.008213552361,2019-09-23
965,0,0,0,-0.003891050584,0.002036659878,2019-09-24
966,0,0,-0.008048289738,0,0,2019-09-25
967,0,-0.00380952381,-0.006085192698,0,0,2019-09-26
968,0,-0.003824091778,-0.004081632653,-0.0078125,-0.01219512195,2019-09-27
969,0,0,0,0,0,2019-09-28
970,0,0,0,0,0,2019-09-29
971,0,-0.003838771593,0,0,-0.002057613169,2019-09-30
972,-0.00185528757,0,0,-0.001968503937,-0.00412371134,2019-10-01
973,0,0,-0.01024590164,-0.003944773176,0,2019-10-02
974,0,-0.005780346821,-0.008281573499,0,0,2019-10-03
975,0,-0.003875968992,-0.002087682672,-0.007920792079,-0.016563147,2019-10-04
976,0,0,0,0,0,2019-10-05
977,0,0,0,0,0,2019-10-06
978,-0.01115241636,-0.005836575875,0,0,0.004210526316,2019-10-07
979,-0.005639097744,0,0,-0.005988023952,-0.01048218029,2019-10-08
980,-0.003780718336,0,-0.02092050209,-0.01004016064,0,2019-10-09
981,0,-0.009784735812,-0.004273504274,-0.002028397566,0,2019-10-10
982,0,-0.00395256917,-0.00643776824,-0.006097560976,-0.03601694915,2019-10-11
983,0,0,0,0,0,2019-10-12
984,0,0,0,0,0,2019-10-13
985,-0.01328273245,-0.009920634921,0,0,-0.006593406593,2019-10-14
986,-0.005769230769,0,0,-0.00408997955,0.008849557522,2019-10-15
987,0,0,-0.01295896328,-0.004106776181,0,2019-10-16
988,0,-0.0120240481,-0.01312910284,-0.01237113402,0,2019-10-17
989,0,-0.004056795132,-0.0044345898,-0.002087682672,0,2019-10-18
990,0,0,0,0,0,2019-10-19
991,0,0,0,0,0,2019-10-20
992,-0.01934235977,-0.008146639511,0,0,-0.03070175439,2019-10-21
993,-0.001972386588,0,0,-0.002092050209,0.01583710407,2019-10-22
994,-0.00395256917,0,0.01113585746,-0.002096436059,0,2019-10-23
995,0,-0.004106776181,0,-0.006302521008,0,2019-10-24
996,0,-0.00824742268,-0.0154185022,-0.01057082452,-0.02449888641,2019-10-25
997,0,0,0,0,0,2019-10-26
998,0,0,0,0,0,2019-10-27
999,-0.02380952381,0,0,-0.004273504274,-0.006849315068,2019-10-28
1000,0,0,0,0,0,2019-10-29
1001,-0.006097560976,0,-0.01342281879,-0.00643776824,0,2019-10-30
1002,0,-0.008316008316,0.01814058957,0.006479481641,0,2019-10-31
1003,0,-0.002096436059,-0.004454342984,0,0.0183908046,2019-11-01
1004,0,0,0,0,0,2019-11-02
1005,0,0,0,0,0,2019-11-03
1006,-0.002044989775,-0.002100840336,0,0,0.004514672686,2019-11-04
1007,-0.004098360656,0,0,-0.004291845494,0,2019-11-05
1008,-0.002057613169,0,0,-0.002155172414,0,2019-11-06
1009,0,-0.004210526316,0,0,0,2019-11-07
1010,0,-0.002114164905,0,-0.002159827214,0,2019-11-08
1011,0,0,0,0,0,2019-11-09
1012,0,0,0,0,0,2019-11-10
1013,-0.00824742268,-0.006355932203,0,0,0.006741573034,2019-11-11
1014,-0.002079002079,0,0,-0.004329004329,0.008928571429,2019-11-12
1015,-0.002083333333,0,0,-0.002173913043,0,2019-11-13
1016,0,-0.002132196162,-0.002237136465,0,0,2019-11-14
1017,0,0,0,0,0,2019-11-15
1018,0,0,0,0,0,2019-11-16
1019,0,0,0,0,0,2019-11-17
1020,-0.006263048017,-0.00641025641,0,0,0.01769911504,2019-11-18
1021,-0.004201680672,0,0,-0.004357298475,0,2019-11-19
1022,0,0,0,0,0,2019-11-20
1023,0,-0.008602150538,0,-0.00875273523,-0.002173913043,2019-11-21
1024,0,0,0,0,0,2019-11-22
1025,0,0,0,0,0,2019-11-23
1026,0,0,0,0,0,2019-11-24
1027,0,-0.004338394794,0,0,0.002178649237,2019-11-25
1028,-0.008438818565,0,0,0,0.0152173913,2019-11-26
1029,-0.002127659574,0,0.008968609865,0,0,2019-11-27
1030,0,-0.004357298475,-0.008888888889,0,0,2019-11-28
1031,0,0,0.008968609865,-0.004415011038,-0.004282655246,2019-11-29
1032,0,0,0,0,0,2019-11-30
1033,0,0,0,0,0,2019-12-01
1034,0,-0.002188183807,0,0,0.01075268817,2019-12-02
1035,-0.0170575693,0,0,-0.006651884701,-0.008510638298,2019-12-03
1036,-0.006507592191,0,-0.01333333333,-0.004464285714,0,2019-12-04
1037,0,-0.01096491228,0.002252252252,0,0,2019-12-05
1038,0,-0.008869179601,-0.01123595506,-0.008968609865,-0.02145922747,2019-12-06
1039,0,0,0,0,0,2019-12-07
1040,0,0,0,0,0,2019-12-08
1041,-0.01965065502,-0.006711409396,0,0,0.004385964912,2019-12-09
1042,-0.004454342984,0,0,-0.004524886878,0,2019-12-10
1043,-0.006711409396,0,-0.004545454545,-0.002272727273,0,2019-12-11
1044,0,-0.01351351351,-0.01141552511,-0.01138952164,0,2019-12-12
1045,0,0.002283105023,0.002309468822,0.002304147465,-0.02401746725,2019-12-13
1046,0,0,0,0,0,2019-12-14
1047,0,0,0,0,0,2019-12-15
1048,-0.006756756757,-0.004555808656,0,0,0.01118568233,2019-12-16
1049,0,0,0,0.002298850575,0.01991150442,2019-12-17
1050,0,0,0,0,0,2019-12-18
1051,0,0.004576659039,0.002304147465,0,0,2019-12-19
1052,0,-0.002277904328,-0.002298850575,0,-0.004338394794,2019-12-20
1053,0,0,0,0,0,2019-12-21
1054,0,0,0,0,0,2019-12-22
1055,0,-0.002283105023,0,0,0,2019-12-23
1056,0,0,0,0,0,2019-12-24
1057,0,0,0,0,0,2019-12-25
1058,0,0,-0.002304147465,-0.002293577982,0,2019-12-26
1059,0,0,0,-0.002298850575,-0.006535947712,2019-12-27
1060,0,0,0,0,0,2019-12-28
1061,0,0,0,0,0,2019-12-29
1062,0,0.002288329519,0,0,-0.002192982456,2019-12-30
1063,0,0,0,0,0,2019-12-31
1064,0,0,0,0,0,2020-01-01
1065,0,0,-0.002309468822,0,0,2020-01-02
1066,0,-0.002283105023,-0.002314814815,-0.002304147465,-0.008791208791,2020-01-03
1067,0,0,0,0,0,2020-01-04
1068,0,0,0,0,0,2020-01-05
1069,-0.002267573696,-0.002288329519,0,0,0.0022172949,2020-01-06
1070,-0.002272727273,0,0,-0.004618937644,0,2020-01-07
1071,-0.002277904328,0,-0.006960556845,-0.002320185615,0,2020-01-08
1072,0,-0.006880733945,0,-0.002325581395,0,2020-01-09
1073,0,0.002309468822,0.004672897196,0.004662004662,-0.0110619469,2020-01-10
1074,0,0,0,0,0,2020-01-11
1075,0,0,0,0,0,2020-01-12
1076,0,-0.002304147465,0,0,0.006711409396,2020-01-13
1077,-0.004566210046,0,0,-0.006960556845,-0.008888888889,2020-01-14
1078,-0.002293577982,0,-0.01860465116,-0.004672897196,0,2020-01-15
1079,0,-0.006928406467,0.009478672986,0.00234741784,0,2020-01-16
1080,0,-0.002325581395,-0.004694835681,-0.002341920375,-0.006726457399,2020-01-17
1081,0,0,0,0,0,2020-01-18
1082,0,0,0,0,0,2020-01-19
1083,-0.004597701149,0,0,0,0.002257336343,2020-01-20
1084,-0.002309468822,0,0,0,-0.004504504505,2020-01-21
1085,-0.00462962963,0,-0.009433962264,0,0,2020-01-22
1086,0,-0.006993006993,0.004761904762,-0.004694835681,0,2020-01-23
1087,0,-0.00234741784,-0.004739336493,-0.007075471698,-0.009049773756,2020-01-24
1088,0,0,0,0,0,2020-01-25
1089,0,0,0,0,0,2020-01-26
1090,-0.004651162791,-0.007058823529,0,0,-0.006849315068,2020-01-27
1091,-0.002336448598,0,0,-0.004750593824,0.004597701149,2020-01-28
1092,-0.002341920375,0,-0.002380952381,0,0,2020-01-29
1093,0,0,0.00477326969,0.002386634845,0,2020-01-30
1094,0,0,0.004750593824,-0.002380952381,0.009153318078,2020-01-31
1095,0,0,0,0,0,2020-02-01
1096,0,0,0,0,0,2020-02-02
1097,-0.007042253521,-0.004739336493,0,0,-0.009070294785,2020-02-03
1098,-0.007092198582,0,0,-0.007159904535,-0.006864988558,2020-02-04
1099,-0.002380952381,0,-0.02127659574,-0.002403846154,0,2020-02-05
1100,0,-0.009523809524,0.007246376812,0.002409638554,0,2020-02-06
1101,0,-0.004807692308,-0.007194244604,-0.004807692308,-0.002304147465,2020-02-07
1102,0,0,0,0,0,2020-02-08
1103,0,0,0,0,0,2020-02-09
1104,-0.009546539379,0,0,0,-0.004618937644,2020-02-10
1105,0,0,0,0,-0.006960556845,2020-02-11
1106,0,0,-0.002415458937,0.002415458937,0,2020-02-12
1107,0,0.002415458937,0.002421307506,0,0,2020-02-13
1108,0,0,-0.002415458937,0,-0.002336448598,2020-02-14
1109,0,0,0,0,0,2020-02-15
1110,0,0,0,0,0,2020-02-16
1111,0,-0.002409638554,0,0,0,2020-02-17
1112,0,0,0,-0.002409638554,0,2020-02-18
1113,0,0,0.002421307506,0,0,2020-02-19
1114,0,0.002415458937,0,0,0,2020-02-20
1115,0,0,-0.002415458937,0,0,2020-02-21
1116,0,0,0,0,0,2020-02-22
1117,0,0,0,0,0,2020-02-23
1118,0,0,0,0,0,2020-02-24
1119,0,0,0,0,0,2020-02-25
1120,0,0,0,0,0,2020-02-26
1121,0,-0.002409638554,-0.004842615012,-0.002415458937,0,2020-02-27
1122,0,-0.002415458937,-0.009732360097,-0.004842615012,-0.03044496487,2020-02-28
1123,0,0,0,0,0,2020-02-29
1124,0,0,0,0,0,2020-03-01
1125,-0.009638554217,0,0,0,-0.03381642512,2020-03-02
1126,-0.01216545012,0,0,-0.03649635036,-0.03,2020-03-03
1127,-0.01724137931,0,-0.06633906634,-0.02272727273,0,2020-03-04
1128,0,-0.04358353511,0.01315789474,0.01033591731,0,2020-03-05
1129,0,-0.01012658228,-0.01038961039,-0.01023017903,0.005154639175,2020-03-06
1130,0,0,0,0,0,2020-03-07
1131,0,0,0,0,0,2020-03-08
1132,0.007518796992,0.0179028133,0,0,0.04102564103,2020-03-09
1133,-0.007462686567,0,0,0.01291989664,-0.02216748768,2020-03-10
1134,0,0,0,0.04081632653,0,2020-03-11
1135,0,0.07286432161,0.2073490814,0.05637254902,0,2020-03-12
1136,0,-0.06323185012,-0.1195652174,0,0.1183879093,2020-03-13
1137,0,0,0,0,0,2020-03-14
1138,0,0,0,0,0,2020-03-15
1139,-0.07268170426,-0.085,0,0,-0.09234234234,2020-03-16
1140,-0.01891891892,0,0,-0.1786542923,-0.06699751861,2020-03-17
1141,0.02203856749,0,-0.04197530864,0.06214689266,0,2020-03-18
1142,0,0,-0.04381443299,-0.02659574468,0,2020-03-19
1143,0,-0.008196721311,0.008086253369,-0.01092896175,0.1170212766,2020-03-20
1144,0,0,0,0,0,2020-03-21
1145,0,0,0,0,0,2020-03-22
1146,-0.0269541779,-0.0303030303,0,0,-0.0380952381,2020-03-23
1147,0.005540166205,0,0,-0.04696132597,-0.0396039604,2020-03-24
1148,-0.002754820937,0,-0.09893048128,-0.008695652174,0,2020-03-25
1149,0,0.008522727273,0.01483679525,0.008771929825,0,2020-03-26
1150,0,-0.002816901408,-0.002923976608,0,-0.05670103093,2020-03-27
1151,0,0,0,0,0,2020-03-28
1152,0,0,0,0,0,2020-03-29
1153,0.008287292818,-0.008474576271,0,0,-0.03551912568,2020-03-30
1154,-0.002739726027,0,0,-0.0231884058,-0.0566572238,2020-03-31
1155,0,0,-0.03812316716,0.00296735905,0,2020-04-01
1156,0,-0.0113960114,-0.006097560976,-0.002958579882,0,2020-04-02
1157,0,-0.0144092219,-0.02147239264,-0.02077151335,-0.02102102102,2020-04-03
1158,0,0,0,0,0,2020-04-04
1159,0,0,0,0,0,2020-04-05
1160,-0.01373626374,0.005847953216,0,0,0.03680981595,2020-04-06
1161,-0.005571030641,0,0,0.009090909091,0,2020-04-07
1162,-0.008403361345,0,0.01567398119,0,0,2020-04-08
1163,0,-0.008720930233,-0.009259259259,-0.003003003003,0,2020-04-09
1164,0,0,0,0,0,2020-04-10
1165,0,0,0,0,0,2020-04-11
1166,0,0,0,0,0,2020-04-12
1167,-0.005649717514,-0.01173020528,0,0,-0.06213017751,2020-04-13
1168,-0.008522727273,0,0,-0.01506024096,-0.01577287066,2020-04-14
1169,-0.002865329513,0,0,0,0,2020-04-15
1170,0,-0.008902077151,-0.03426791277,-0.0122324159,0,2020-04-16
1171,0,-0.002994011976,-0.003225806452,0.003095975232,-0.00641025641,2020-04-17
1172,0,0,0,0,0,2020-04-18
1173,0,0,0,0,0,2020-04-19
1174,-0.0316091954,-0.03303303303,0,0,-0.07419354839,2020-04-20
1175,0,0,0,0,0,2020-04-21
1176,-0.03560830861,0,-0.1165048544,-0.0987654321,0,2020-04-22
1177,0,-0.04968944099,0.01831501832,0.0102739726,0,2020-04-23
1178,0,0.06209150327,0.1223021583,0.0813559322,0.1672473868,2020-04-24
1179,0,0,0,0,0,2020-04-25
1180,0,0,0,0,0,2020-04-26
1181,0.02461538462,0.009230769231,0,0,0.04776119403,2020-04-27
1182,-0.02102102102,0,0,-0.04702194357,-0.1424501425,2020-04-28
1183,-0.01226993865,0,-0.07371794872,-0.006578947368,0,2020-04-29
1184,0,-0.06707317073,-0.01730103806,-0.01655629139,0,2020-04-30
1185,0,0,0,0,0,2020-05-01
1186,0,0,0,0,0,2020-05-02
1187,0,0,0,0,0,2020-05-03
1188,-0.02173913043,-0.01307189542,0,0,-0.01993355482,2020-05-04
1189,-0.03174603175,0,0,-0.02356902357,-0.02711864407,2020-05-05
1190,0,0,0,-0.01034482759,0,2020-05-06
1191,0,-0.08278145695,-0.1161971831,-0.07317073171,0,2020-05-07
1192,0,-0.01083032491,0,-0.01127819549,-0.09059233449,2020-05-08
1193,0,0,0,0,0,2020-05-09
1194,0,0,0,0,0,2020-05-10
1195,-0.07213114754,-0.01094890511,0,0,0.01149425287,2020-05-11
1196,0,0,0,0.01140684411,0.06818181818,2020-05-12
1197,0.003533568905,0,0.05179282869,0.007518796992,0,2020-05-13
1198,0,0.0110701107,0.003787878788,-0.003731343284,0,2020-05-14
1199,0,-0.01824817518,-0.02264150943,-0.01872659176,-0.01773049645,2020-05-15
1200,0,0,0,0,0,2020-05-16
1201,0,0,0,0,0,2020-05-17
1202,-0.02112676056,-0.01486988848,0,0,-0.01083032491,2020-05-18
1203,0,0,0,-0.01145038168,-0.007299270073,2020-05-19
1204,-0.007194244604,0,-0.01930501931,-0.007722007722,0,2020-05-20
1205,0,-0.01509433962,-0.0157480315,-0.007782101167,0,2020-05-21
1206,0,-0.007662835249,0.004,-0.01176470588,0,2020-05-22
1207,0,0,0,0,0,2020-05-23
1208,0,0,0,0,0,2020-05-24
1209,-0.01811594203,-0.01930501931,0,0,-0.05147058824,2020-05-25
1210,-0.0036900369,0,0,-0.02777777778,0.007751937984,2020-05-26
1211,-0.007407407407,0,-0.03984063745,0,0,2020-05-27
1212,0,-0.02362204724,-0.01659751037,-0.01224489796,0,2020-05-28
1213,0,-0.004032258065,-0.02109704641,-0.02479338843,-0.02692307692,2020-05-29
1214,0,0,0,0,0,2020-05-30
1215,0,0,0,0,0,2020-05-31
1216,-0.0223880597,-0.01619433198,0,0,-0.01581027668,2020-06-01
1217,-0.01908396947,0,0,-0.01271186441,-0.01204819277,2020-06-02
1218,-0.01556420233,0,-0.03879310345,-0.01716738197,0,2020-06-03
1219,0,-0.03703703704,-0.0134529148,-0.01310043668,0,2020-06-04
1220,0,-0.004273504274,0,0,-0.0162601626,2020-06-05
1221,0,0,0,0,0,2020-06-06
1222,0,0,0,0,0,2020-06-07
1223,-0.0395256917,-0.008583690987,0,0,0,2020-06-08
1224,-0.01234567901,0,0,0,0.02479338843,2020-06-09
1225,-0.025,0,-0.009090909091,-0.01769911504,0,2020-06-10
1226,0,0,0,0,0,2020-06-11
1227,0,-0.03463203463,-0.004587155963,-0.009009009009,0.004032258065,2020-06-12
1228,0,0,0,0,0,2020-06-13
1229,0,0,0,0,0,2020-06-14
1230,-0.02564102564,-0.004484304933,0,0,-0.01204819277,2020-06-15
1231,-0.01315789474,0,0,-0.02272727273,-0.01219512195,2020-06-16
1232,-0.01777777778,0,-0.03225806452,-0.01395348837,0,2020-06-17
1233,0,-0.04504504505,-0.01904761905,-0.0141509434,0,2020-06-18
1234,0,0,-0.0145631068,-0.004784688995,-0.03703703704,2020-06-19
1235,0,0,0,0,0,2020-06-20
1236,0,0,0,0,0,2020-06-21
1237,-0.02714932127,0,0,0,0.01709401709,2020-06-22
1238,0,0,0,0.004807692308,0,2020-06-23
1239,0,0,0.01477832512,0.004784688995,0,2020-06-24
1240,0,-0.004716981132,-0.004854368932,-0.004761904762,0,2020-06-25
1241,0,0,0.009756097561,0,0,2020-06-26
1242,0,0,0,0,0,2020-06-27
1243,0,0,0,0,0,2020-06-28
1244,0,-0.004739336493,0,0,-0.004201680672,2020-06-29
1245,0,0,0,-0.004784688995,-0.004219409283,2020-06-30
1246,0,0,-0.004830917874,-0.004807692308,0,2020-07-01
1247,0,0,0.009708737864,0.009661835749,0,2020-07-02
1248,0,0.004761904762,-0.009615384615,-0.004784688995,-0.01694915254,2020-07-03
1249,0,0,0,0,0,2020-07-04
1250,0,0,0,0,0,2020-07-05
1251,-0.004651162791,0,0,0,0.02586206897,2020-07-06
1252,0,0,0,0.009615384615,0.01260504202,2020-07-07
1253,0,0,0.03398058252,0,0,2020-07-08
1254,0,0,-0.004694835681,0,0,2020-07-09
1255,0,-0.009478672986,-0.02358490566,-0.01428571429,0.01244813278,2020-07-10
1256,0,0,0,0,0,2020-07-11
1257,0,0,0,0,0,2020-07-12
1258,-0.009345794393,-0.004784688995,0,0,0.01639344262,2020-07-13
1259,-0.004716981132,0,0,0,-0.008064516129,2020-07-14
1260,-0.004739336493,0,0,-0.004830917874,0,2020-07-15
1261,0,-0.004807692308,0,0,0,2020-07-16
1262,0,-0.004830917874,-0.009661835749,-0.0145631068,-0.0162601626,2020-07-17
1263,0,0,0,0,0,2020-07-18
1264,0,0,0,0,0,2020-07-19
1265,-0.004761904762,-0.004854368932,0,0,0.004132231405,2020-07-20
1266,0.004784688995,0,0,0.0197044335,0.02880658436,2020-07-21
1267,-0.009523809524,0,0,-0.009661835749,0,2020-07-22
1268,0,0.00487804878,0.00487804878,0,0,2020-07-23
1269,0,-0.02912621359,-0.04368932039,-0.02926829268,-0.056,2020-07-24
1270,0,0,0,0,0,2020-07-25
1271,0,0,0,0,0,2020-07-26
1272,-0.03365384615,-0.01,0,0,-0.01694915254,2020-07-27
1273,-0.004975124378,0,0,-0.02010050251,0.004310344828,2020-07-28
1274,-0.005,0,-0.0152284264,-0.005128205128,0,2020-07-29
1275,0,-0.01515151515,0,-0.01030927835,0,2020-07-30
1276,0,0,0,0.005208333333,-0.03004291845,2020-07-31
1277,0,0,0,0,0,2020-08-01
1278,0,0,0,0,0,2020-08-02
1279,-0.01507537688,-0.005128205128,0,0,0.004424778761,2020-08-03
1280,0,0,0,0,0.06167400881,2020-08-04
1281,0.01020408163,0,0.01030927835,0.01554404145,0,2020-08-05
1282,0,-0.03092783505,-0.05102040816,-0.04591836735,0,2020-08-06
1283,0,0.005319148936,0.01612903226,0,-0.07468879668,2020-08-07
1284,0,0,0,0,0,2020-08-08
1285,0,0,0,0,0,2020-08-09
1286,-0.04545454545,-0.005291005291,0,0,0.04484304933,2020-08-10
1287,0,0,0,0.005347593583,-0.01287553648,2020-08-11
1288,0,0,0.01058201058,0.005319148936,0,2020-08-12
1289,0,0,0.01570680628,0,0,2020-08-13
1290,0,0.005319148936,0.005154639175,0.005291005291,0.05217391304,2020-08-14
1291,0,0,0,0,0,2020-08-15
1292,0,0,0,0,0,2020-08-16
1293,0.005291005291,0.01058201058,0,0,0.00826446281,2020-08-17
1294,-0.005263157895,0,0,-0.005263157895,-0.0368852459,2020-08-18
1295,0.005291005291,0,0,0.005291005291,0,2020-08-19
1296,0,-0.005235602094,0,0.005263157895,0,2020-08-20
1297,0,0.005263157895,0.01538461538,0.005235602094,0.02978723404,2020-08-21
1298,0,0,0,0,0,2020-08-22
1299,0,0,0,0,0,2020-08-23
1300,0.005263157895,0,0,0,-0.01239669421,2020-08-24
1301,0,0,0,0.01041666667,-0.004184100418,2020-08-25
1302,0.005235602094,0,0.0404040404,0.01546391753,0,2020-08-26
1303,0,0.01570680628,0.0145631068,0.005076142132,0,2020-08-27
1304,0,-0.005154639175,-0.01435406699,-0.0101010101,0.03361344538,2020-08-28
1305,0,0,0,0,0,2020-08-29
1306,0,0,0,0,0,2020-08-30
1307,-0.005208333333,0,0,0,0.05284552846,2020-08-31
1308,0.005235602094,0,0,0.01530612245,-0.05019305019,2020-09-01
1309,-0.005208333333,0,0.009708737864,-0.01005025126,0,2020-09-02
1310,0,0,-0.01442307692,-0.01015228426,0,2020-09-03
1311,0,-0.0103626943,-0.00487804878,-0.005128205128,-0.00406504065,2020-09-04
1312,0,0,0,0,0,2020-09-05
1313,0,0,0,0,0,2020-09-06
1314,0,0,0,0,0,2020-09-07
1315,0,0,0,0.005154639175,0.03265306122,2020-09-08
1316,0,0,0.004901960784,0,0,2020-09-09
1317,0,0.01047120419,0.0243902439,0.005128205128,0,2020-09-10
1318,0,0,0,0,0,2020-09-11
1319,0,0,0,0,0,2020-09-12
1320,0,0,0,0,0,2020-09-13
1321,0,-0.00518134715,0,0,-0.0395256917,2020-09-14
1322,0,0,0,-0.005102040816,0.02469135802,2020-09-15
1323,0,0,-0.009523809524,0.005128205128,0,2020-09-16
1324,0,0.005208333333,-0.009615384615,-0.005102040816,0,2020-09-17
1325,0,0.00518134715,0.02912621359,0.01025641026,0.09638554217,2020-09-18
1326,0,0,0,0,0,2020-09-19
1327,0,0,0,0,0,2020-09-20
1328,0.005235602094,0,0,0,0,2020-09-21
1329,0,0,0,-0.0152284264,-0.02197802198,2020-09-22
1330,0,0,-0.004716981132,0.005154639175,0,2020-09-23
1331,0,0,-0.004739336493,0,0,2020-09-24
1332,0,0,0.004761904762,0,-0.04494382022,2020-09-25
1333,0,0,0,0,0,2020-09-26
1334,0,0,0,0,0,2020-09-27
1335,0.005208333333,0.01546391753,0,0,0.07058823529,2020-09-28
1336,-0.00518134715,0,0,0.02051282051,0.04029304029,2020-09-29
1337,-0.005208333333,0,0.04739336493,-0.01005025126,0,2020-09-30
1338,0,-0.01015228426,0.01357466063,0.0152284264,0,2020-10-01
1339,0,0,0,0,0,2020-10-02