,data,30,60,90,180,360,1800,3600,10800
0,2017-02-01,21.58,4.11,13.58,10.95,8.01,6.86,5.97,5.37
1,2017-02-02,21.58,4.11,5.74,7.19,8.01,6.5,5.72,5.23
2,2017-02-03,21.58,8.65,8.87,8.79,8.01,6.5,5.62,5.06
3,2017-02-04,21.58,8.65,8.87,8.79,8.01,6.5,5.62,5.06
4,2017-02-05,21.58,8.65,8.87,8.79,8.01,6.5,5.62,5.06
5,2017-02-06,9.19,9.64,8.87,8.79,8.19,6.64,5.66,5.06
6,2017-02-07,12.33,9.64,10.62,8.79,8.4,6.64,5.64,5.01
7,2017-02-08,3.13,9.64,7.42,8.01,8.4,6.48,5.49,4.82
8,2017-02-09,3.13,10.09,9.84,9.14,8.4,6.45,5.51,4.88
9,2017-02-10,3.13,8.21,8.55,8.51,7.86,6.45,5.42,4.8
10,2017-02-11,3.13,8.21,8.55,8.51,7.86,6.45,5.42,4.8
11,2017-02-12,3.13,8.21,8.55,8.51,7.86,6.45,5.42,4.8
12,2017-02-13,8.62,8.21,8.55,8.51,8.0,6.36,5.46,4.8
13,2017-02-14,1.75,8.21,6.77,8.51,7.44,6.25,5.42,4.85
14,2017-02-15,-6.82,8.21,3.59,6.15,7.44,6.07,5.42,4.82
15,2017-02-16,-6.82,9.3,9.27,8.93,7.44,6.43,5.54,4.93
16,2017-02-17,-6.82,19.52,15.93,12.05,7.44,6.43,5.69,4.98
17,2017-02-18,-6.82,19.52,15.93,12.05,7.44,6.43,5.69,4.98
18,2017-02-19,-6.82,19.52,15.93,12.05,7.44,6.43,5.69,4.98
19,2017-02-20,6.53,19.52,15.93,12.05,7.77,6.38,5.53,4.98
20,2017-02-21,10.4,19.52,9.69,12.05,7.99,6.39,5.5,4.82
21,2017-02-22,1.46,19.52,6.59,7.49,7.99,6.23,5.5,4.83
22,2017-02-23,1.46,4.12,5.92,7.11,7.99,6.1,5.31,4.59
23,2017-02-24,1.46,20.65,16.45,12.09,9.43,6.1,5.61,4.73
24,2017-02-25,1.46,20.65,16.45,12.09,9.43,6.1,5.61,4.73
25,2017-02-26,1.46,20.65,16.45,12.09,9.43,6.1,5.61,4.73
26,2017-02-27,1.46,20.65,16.45,12.09,9.43,6.1,5.61,4.73
27,2017-02-28,1.46,20.65,16.45,12.09,9.43,6.1,5.61,4.73
28,2017-03-01,1.46,20.65,16.45,12.09,9.43,6.1,5.61,4.73
29,2017-03-02,1.46,20.65,15.83,11.8,9.43,6.56,5.64,4.92
30,2017-03-03,1.46,10.32,9.88,8.87,7.74,6.56,5.37,4.77
31,2017-03-04,1.46,10.32,9.88,8.87,7.74,6.56,5.37,4.77
32,2017-03-05,1.46,10.32,9.88,8.87,7.74,6.56,5.37,4.77
33,2017-03-06,3.92,6.28,9.88,8.87,7.07,6.07,5.33,4.77
34,2017-03-07,12.05,6.28,10.14,8.87,7.82,6.31,5.45,4.8
35,2017-03-08,27.19,6.28,15.28,11.5,7.82,6.54,5.6,4.89
36,2017-03-09,27.19,18.83,15.19,11.43,7.82,6.55,5.64,4.95
37,2017-03-10,27.19,3.25,5.25,6.54,6.46,6.55,5.25,4.75
38,2017-03-11,27.19,3.25,5.25,6.54,6.46,6.55,5.25,4.75
39,2017-03-12,27.19,3.25,5.25,6.54,6.46,6.55,5.25,4.75
40,2017-03-13,5.18,6.95,5.25,6.54,6.99,5.98,5.28,4.75
41,2017-03-14,20.69,6.95,13.07,6.54,8.38,6.36,5.54,4.92
42,2017-03-15,20.69,6.95,1.75,4.7,8.38,5.77,5.19,4.78
43,2017-03-16,20.69,-1.64,1.98,4.81,8.38,5.81,5.22,4.8
44,2017-03-17,20.69,7.53,1.98,7.82,7.13,5.81,5.41,4.84
45,2017-03-18,20.69,7.53,1.98,7.82,7.13,5.81,5.41,4.84
46,2017-03-19,20.69,7.53,1.98,7.82,7.13,5.81,5.41,4.84
47,2017-03-20,-3.94,2.11,1.98,7.82,6.24,6.06,5.39,4.84
48,2017-03-21,7.38,2.11,8.33,7.82,7.24,6.21,5.46,4.87
49,2017-03-22,7.38,2.11,11.18,9.42,7.24,6.41,5.61,4.94
50,2017-03-23,7.38,16.77,13.93,10.73,7.24,6.54,5.66,5.01
51,2017-03-24,7.38,5.53,6.67,7.2,6.84,6.54,5.32,4.8
52,2017-03-25,7.38,5.53,6.67,7.2,6.84,6.54,5.32,4.8
53,2017-03-26,7.38,5.53,6.67,7.2,6.84,6.54,5.32,4.8
54,2017-03-27,11.77,10.36,6.67,7.2,7.55,6.54,5.38,4.8
55,2017-03-28,13.34,10.36,10.27,7.2,7.59,6.2,5.44,4.86
56,2017-03-29,4.17,10.36,7.24,7.34,7.59,6.08,5.38,4.82
57,2017-03-30,4.17,11.44,10.45,8.92,7.59,6.21,5.38,4.84
58,2017-03-31,4.17,10.03,9.49,8.52,7.48,6.21,5.38,4.75
59,2017-04-01,4.17,10.03,9.49,8.52,7.48,6.21,5.38,4.75
60,2017-04-02,4.17,10.03,9.49,8.52,7.48,6.21,5.38,4.75
61,2017-04-03,-13.74,-2.17,9.49,8.52,5.41,5.75,5.13,4.75
62,2017-04-04,1.05,-2.17,6.25,8.52,5.41,5.93,5.19,4.64
63,2017-04-05,-5.05,-2.17,4.11,5.78,5.41,5.88,5.21,4.64
64,2017-04-06,-5.05,19.88,15.74,11.35,5.41,6.51,5.56,4.84
65,2017-04-07,-5.05,16.99,13.87,10.42,8.39,6.51,5.45,4.85
66,2017-04-08,-5.05,16.99,13.87,10.42,8.39,6.51,5.45,4.85
67,2017-04-09,-5.05,16.99,13.87,10.42,8.39,6.51,5.45,4.85
68,2017-04-10,11.57,10.0,13.87,10.42,7.21,6.03,5.26,4.85
69,2017-04-11,5.22,10.0,7.32,10.42,6.71,6.0,5.31,4.76
70,2017-04-12,14.74,10.0,10.3,8.64,6.71,6.25,5.48,4.87
71,2017-04-13,14.74,7.83,7.92,7.51,6.71,6.29,5.57,4.96
72,2017-04-14,14.74,7.83,7.92,7.51,6.71,6.29,5.57,4.96
73,2017-04-15,14.74,7.83,7.92,7.51,6.71,6.29,5.57,4.96
74,2017-04-16,14.74,7.83,7.92,7.51,6.71,6.29,5.57,4.96
75,2017-04-17,-1.83,3.52,7.92,7.51,6.3,6.2,5.53,4.96
76,2017-04-18,11.94,3.52,9.53,7.51,7.3,6.4,5.63,4.97
77,2017-04-19,29.65,3.52,14.87,10.8,7.3,6.76,5.86,5.11
78,2017-04-20,29.65,14.75,12.2,9.53,7.3,6.67,5.84,5.06
79,2017-04-21,29.65,14.75,12.2,9.53,7.3,6.67,5.84,5.06
80,2017-04-22,29.65,14.75,12.2,9.53,7.3,6.67,5.84,5.06
81,2017-04-23,29.65,14.75,12.2,9.53,7.3,6.67,5.84,5.06
82,2017-04-24,2.95,5.71,12.2,9.53,6.54,6.38,5.7,5.06
83,2017-04-25,21.59,5.71,12.59,9.53,8.12,6.87,6.06,5.3
84,2017-04-26,19.92,5.71,12.13,9.57,8.12,6.85,6.08,5.32
85,2017-04-27,19.92,7.26,7.47,7.23,8.12,6.63,5.99,5.29
86,2017-04-28,19.92,8.88,8.49,7.7,7.05,6.63,5.93,5.22
87,2017-04-29,19.92,8.88,8.49,7.7,7.05,6.63,5.93,5.22
88,2017-04-30,19.92,8.88,8.49,7.7,7.05,6.63,5.93,5.22
89,2017-05-01,19.92,8.88,8.49,7.7,7.05,6.63,5.93,5.22
90,2017-05-02,-8.46,8.88,1.94,7.7,5.38,6.23,5.71,5.08
91,2017-05-03,0.32,8.88,5.18,6.0,5.38,6.42,5.82,5.4
92,2017-05-04,0.32,16.92,13.51,10.17,5.38,6.89,6.04,5.48
93,2017-05-05,0.32,8.26,8.01,7.46,7.0,6.89,5.8,5.33
94,2017-05-06,0.32,8.26,8.01,7.46,7.0,6.89,5.8,5.33
95,2017-05-07,0.32,8.26,8.01,7.46,7.0,6.89,5.8,5.33
96,2017-05-08,16.96,12.63,8.01,7.46,7.73,6.72,5.9,5.33
97,2017-05-09,5.72,12.63,7.17,7.46,6.75,6.46,5.77,5.3
98,2017-05-10,-0.53,12.63,4.86,5.8,6.75,6.25,5.63,5.21
99,2017-05-11,-0.53,6.51,6.84,6.77,6.75,6.25,5.66,5.2
100,2017-05-12,-0.53,1.6,3.61,5.08,5.57,6.25,5.57,5.13
101,2017-05-13,-0.53,1.6,3.61,5.08,5.57,6.25,5.57,5.13
102,2017-05-14,-0.53,1.6,3.61,5.08,5.57,6.25,5.57,5.13
103,2017-05-15,-1.81,2.82,3.61,5.08,5.65,6.07,5.52,5.13
104,2017-05-16,-1.81,2.82,7.39,5.08,6.38,6.13,5.48,5.02
105,2017-05-17,22.61,2.82,12.37,9.32,6.38,6.13,5.48,5.16
106,2017-05-18,22.61,67.38,43.53,24.38,6.38,9.42,8.03,7.06
107,2017-05-19,22.61,-13.3,-6.5,24.38,3.17,9.42,6.8,6.56
108,2017-05-20,22.61,-13.3,-6.5,24.38,3.17,9.42,6.8,6.56
109,2017-05-21,22.61,-13.3,-6.5,24.38,3.17,9.42,6.8,6.56
110,2017-05-22,6.57,7.27,-6.5,24.38,6.96,8.08,7.44,6.56
111,2017-05-23,0.88,7.27,5.43,24.38,6.31,7.47,6.96,6.59
112,2017-05-24,9.33,7.27,8.32,7.58,6.31,7.21,6.52,6.11
113,2017-05-25,9.33,13.5,11.48,9.12,6.31,7.31,6.55,6.13
114,2017-05-26,9.33,3.22,4.8,5.64,5.88,7.31,6.33,6.04
115,2017-05-27,9.33,3.22,4.8,5.64,5.88,7.31,6.33,6.04
116,2017-05-28,9.33,3.22,4.8,5.64,5.88,7.31,6.33,6.04
117,2017-05-29,12.17,10.0,4.8,5.64,6.92,6.96,6.32,6.04
118,2017-05-30,4.53,10.0,6.8,5.64,6.45,6.91,6.28,6.01
119,2017-05-31,-2.08,10.0,4.35,5.36,6.45,6.69,6.12,6.01
120,2017-06-01,-2.08,9.34,8.77,7.65,6.45,7.03,6.31,5.82
121,2017-06-02,-2.08,12.44,10.75,8.62,7.51,7.03,6.41,5.95
122,2017-06-03,-2.08,12.44,10.75,8.62,7.51,7.03,6.41,5.95
123,2017-06-04,-2.08,12.44,10.75,8.62,7.51,7.03,6.41,5.95
124,2017-06-05,31.28,18.61,10.75,8.62,7.51,7.47,6.57,5.95
125,2017-06-06,5.56,18.61,6.92,8.62,6.43,6.92,6.25,5.86
126,2017-06-07,6.13,18.61,7.09,6.69,6.43,6.96,6.28,5.86
127,2017-06-08,6.13,6.57,6.89,6.55,6.43,6.92,6.3,5.9
128,2017-06-09,6.13,8.22,6.89,7.0,6.42,6.92,6.23,5.82
129,2017-06-10,6.13,8.22,6.89,7.0,6.42,6.92,6.23,5.82
130,2017-06-11,6.13,8.22,6.89,7.0,6.42,6.92,6.23,5.82
131,2017-06-12,26.27,16.32,6.89,7.0,7.76,7.03,6.29,5.82
132,2017-06-13,11.87,16.32,8.9,7.0,6.71,6.89,6.22,5.8
133,2017-06-14,-6.2,16.32,2.55,4.3,6.71,6.5,5.99,5.72
134,2017-06-15,-6.2,16.32,2.55,4.3,6.71,6.5,5.99,5.72
135,2017-06-16,-6.2,8.03,7.65,6.8,6.33,6.5,5.9,5.55
136,2017-06-17,-6.2,8.03,7.65,6.8,6.33,6.5,5.9,5.55
137,2017-06-18,-6.2,8.03,7.65,6.8,6.33,6.5,5.9,5.55
138,2017-06-19,7.62,7.48,7.65,6.8,6.13,6.34,5.74,5.55
139,2017-06-20,20.68,7.48,11.57,6.8,7.27,6.63,5.94,5.53
140,2017-06-21,12.82,7.48,8.95,7.38,7.27,6.55,5.99,5.64
141,2017-06-22,12.82,8.33,7.73,6.78,7.27,6.64,6.07,5.74
142,2017-06-23,12.82,7.85,7.45,6.68,6.25,6.64,6.13,5.79
143,2017-06-24,12.82,7.85,7.45,6.68,6.25,6.64,6.13,5.79
144,2017-06-25,12.82,7.85,7.45,6.68,6.25,6.64,6.13,5.79
145,2017-06-26,-4.53,1.26,7.45,6.68,5.1,6.51,6.06,5.79
146,2017-06-27,12.3,1.26,8.84,6.68,6.7,6.95,6.32,5.92
147,2017-06-28,-2.85,1.26,3.5,6.68,6.7,6.53,6.08,5.78
148,2017-06-29,-2.85,7.54,7.2,6.64,6.7,6.72,6.15,5.77
149,2017-06-30,-2.85,9.64,8.53,7.26,6.55,6.72,6.06,5.68
150,2017-07-01,-2.85,9.64,8.53,7.26,6.55,6.72,6.06,5.68
151,2017-07-02,-2.85,9.64,8.53,7.26,6.55,6.72,6.06,5.68
152,2017-07-03,3.52,5.54,8.53,7.26,5.8,6.43,5.85,5.68
153,2017-07-04,10.35,5.54,8.08,7.26,6.36,6.57,5.99,5.65
154,2017-07-05,4.44,5.54,6.0,7.26,6.36,6.48,5.91,5.59
155,2017-07-06,4.44,4.01,4.75,5.29,6.36,6.38,5.84,5.55
156,2017-07-07,4.44,2.52,3.74,4.76,5.21,6.38,5.87,5.6
157,2017-07-08,4.44,2.52,3.74,4.76,5.21,6.38,5.87,5.6
158,2017-07-09,4.44,2.52,3.74,4.76,5.21,6.38,5.87,5.6
159,2017-07-10,-1.97,2.46,3.74,4.76,5.17,6.28,5.79,5.6
160,2017-07-11,2.78,2.46,5.35,4.76,5.58,6.36,5.84,5.54
161,2017-07-12,-6.55,2.46,1.84,3.73,5.58,6.36,5.55,5.29
162,2017-07-13,-6.55,3.8,4.61,5.17,5.58,6.19,5.66,5.36
163,2017-07-14,-6.55,1.2,4.61,4.24,4.92,6.19,5.52,5.29
164,2017-07-15,-6.55,1.2,4.61,4.24,4.92,6.19,5.52,5.29
165,2017-07-16,-6.55,1.2,4.61,4.24,4.92,6.19,5.52,5.29
166,2017-07-17,3.63,5.11,4.61,4.24,5.63,6.11,5.6,5.29
167,2017-07-18,-1.61,5.11,3.5,4.24,5.12,5.96,5.5,5.21
168,2017-07-19,0.05,5.11,4.09,4.92,5.12,5.85,5.44,5.13
169,2017-07-20,0.05,2.22,3.52,4.58,5.12,5.89,5.44,5.13
170,2017-07-21,0.05,6.41,6.29,5.97,5.76,5.89,5.54,5.16
171,2017-07-22,0.05,6.41,6.29,5.97,5.76,5.89,5.54,5.16
172,2017-07-23,0.05,6.41,6.29,5.97,5.76,5.89,5.54,5.16
173,2017-07-24,15.18,10.8,6.29,5.97,6.47,6.17,5.6,5.16
174,2017-07-25,14.87,10.8,9.15,5.97,6.41,6.2,5.61,5.23
175,2017-07-26,3.72,10.8,5.25,5.42,6.41,6.01,5.54,5.19
176,2017-07-27,3.72,4.4,4.9,5.11,6.41,5.85,5.38,4.96
177,2017-07-28,3.72,3.89,4.56,4.91,5.02,5.85,5.45,4.98
178,2017-07-29,3.72,3.89,4.56,4.91,5.02,5.85,5.45,4.98
179,2017-07-30,3.72,3.89,4.56,4.91,5.02,5.85,5.45,4.98
180,2017-07-31,-3.42,0.79,4.56,4.91,4.47,5.81,5.39,4.98
181,2017-08-01,1.99,0.79,4.48,4.91,5.02,5.92,5.46,4.98
182,2017-08-02,7.12,0.79,6.27,5.83,5.02,5.97,5.43,4.98
183,2017-08-03,7.12,4.83,5.16,5.24,5.02,5.88,5.33,4.82
184,2017-08-04,7.12,7.42,5.16,6.09,5.6,5.88,5.33,4.83
185,2017-08-05,7.12,7.42,5.16,6.09,5.6,5.88,5.33,4.83
186,2017-08-06,7.12,7.42,5.16,6.09,5.6,5.88,5.33,4.83
187,2017-08-07,6.3,5.97,5.16,6.09,5.35,5.92,5.38,4.83
188,2017-08-08,6.3,5.97,5.31,6.09,5.16,5.85,5.39,4.91
189,2017-08-09,13.98,5.97,8.48,6.87,5.16,6.09,5.56,5.04
190,2017-08-10,13.98,9.87,8.48,6.87,5.16,6.09,5.59,5.1
191,2017-08-11,13.98,8.53,7.59,6.41,5.63,6.09,5.52,5.04
192,2017-08-12,13.98,8.53,7.59,6.41,5.63,6.09,5.52,5.04
193,2017-08-13,13.98,8.53,7.59,6.41,5.63,6.09,5.52,5.04
194,2017-08-14,12.99,9.39,7.59,6.41,5.78,5.99,5.52,5.04
195,2017-08-15,6.77,9.39,6.09,6.41,5.23,5.86,5.44,5.0
196,2017-08-16,-9.72,9.39,0.11,6.41,5.23,5.59,5.34,4.95
197,2017-08-17,-9.72,7.62,0.11,6.41,5.23,6.05,5.64,5.18
198,2017-08-18,-9.72,3.06,3.87,4.49,4.67,6.05,5.49,5.05
199,2017-08-19,-9.72,3.06,3.87,4.49,4.67,6.05,5.49,5.05
200,2017-08-20,-9.72,3.06,3.87,4.49,4.67,6.05,5.49,5.05
201,2017-08-21,6.4,6.04,3.87,4.49,5.13,6.04,5.62,5.05
202,2017-08-22,13.78,6.04,8.31,4.49,5.69,6.11,5.61,5.14
203,2017-08-23,-0.32,6.04,3.38,4.15,5.69,5.87,5.52,5.08
204,2017-08-24,-0.32,2.75,3.58,4.23,5.69,5.87,5.5,5.04
205,2017-08-25,-0.32,8.42,7.31,6.06,5.39,5.87,5.62,5.11
206,2017-08-26,-0.32,8.42,7.31,6.06,5.39,5.87,5.62,5.11
207,2017-08-27,-0.32,8.42,7.31,6.06,5.39,5.87,5.62,5.11
208,2017-08-28,10.02,7.76,7.31,6.06,5.28,6.02,5.59,5.11
209,2017-08-29,8.26,7.76,6.32,6.06,5.09,6.05,5.63,5.12
210,2017-08-30,1.97,7.76,4.11,4.44,5.09,6.0,5.66,5.14
211,2017-08-31,1.97,2.03,3.01,3.86,5.09,5.81,5.56,5.05
212,2017-09-01,1.97,3.96,4.26,4.49,4.59,5.81,5.63,5.09
213,2017-09-02,1.97,3.96,4.26,4.49,4.59,5.81,5.63,5.09
214,2017-09-03,1.97,3.96,4.26,4.49,4.59,5.81,5.63,5.09
215,2017-09-04,5.54,5.39,4.26,4.49,4.84,5.96,5.64,5.09
216,2017-09-05,-2.7,5.39,2.2,4.49,4.18,5.74,5.5,5.01
217,2017-09-06,-2.16,5.39,2.35,3.5,4.18,5.71,5.46,4.9
218,2017-09-07,-2.16,5.39,2.35,3.5,4.18,5.71,5.46,4.9
219,2017-09-08,-2.16,-0.01,1.62,3.15,3.99,5.71,5.44,4.84
220,2017-09-09,-2.16,-0.01,1.62,3.15,3.99,5.71,5.44,4.84
221,2017-09-10,-2.16,-0.01,1.62,3.15,3.99,5.71,5.44,4.84
222,2017-09-11,7.52,6.33,1.62,3.15,5.06,6.02,5.66,4.84
223,2017-09-12,7.52,6.33,11.65,3.15,5.06,6.36,5.89,5.11
224,2017-09-13,13.09,6.33,7.63,6.16,5.06,6.21,5.85,5.14
225,2017-09-14,13.09,2.44,3.23,3.93,5.06,5.95,5.73,5.04
226,2017-09-15,13.09,1.42,2.57,3.6,4.2,5.95,5.81,5.15
227,2017-09-16,13.09,1.42,2.57,3.6,4.2,5.95,5.81,5.15
228,2017-09-17,13.09,1.42,2.57,3.6,4.2,5.95,5.81,5.15
229,2017-09-18,8.07,6.64,2.57,3.6,5.0,6.13,5.87,5.15
230,2017-09-19,9.3,6.64,6.39,3.6,5.0,6.0,5.84,5.09
231,2017-09-20,4.67,6.64,4.79,4.68,5.0,5.82,5.73,5.06
232,2017-09-21,4.67,8.18,6.9,5.7,5.0,5.79,5.7,5.01
233,2017-09-22,4.67,2.97,3.54,3.96,4.15,5.79,5.68,5.01
234,2017-09-23,4.67,2.97,3.54,3.96,4.15,5.79,5.68,5.01
235,2017-09-24,4.67,2.97,3.54,3.96,4.15,5.79,5.68,5.01
236,2017-09-25,14.53,9.75,3.54,3.96,5.27,5.97,5.91,5.01
237,2017-09-26,15.98,9.75,3.54,3.96,5.36,5.99,5.93,5.14
238,2017-09-27,13.41,9.75,7.73,6.06,5.36,5.95,5.96,5.25
239,2017-09-28,13.41,2.36,3.17,3.81,5.36,5.71,5.8,5.14
240,2017-09-29,13.41,0.3,1.81,3.14,3.8,5.71,5.73,5.08
241,2017-09-30,13.41,0.3,1.81,3.14,3.8,5.71,5.73,5.08
242,2017-10-01,13.41,0.3,1.81,3.14,3.8,5.71,5.73,5.08
243,2017-10-02,-0.5,2.2,1.81,3.14,4.08,5.67,5.78,5.08
244,2017-10-03,-0.5,2.2,1.81,3.14,4.01,5.67,5.92,5.26
245,2017-10-04,-4.27,2.2,1.58,3.05,4.01,5.82,5.9,5.25
246,2017-10-05,-4.27,9.4,7.67,6.04,4.01,6.24,6.19,5.25
247,2017-10-06,-4.27,10.17,8.18,6.31,5.45,6.24,6.05,5.27
248,2017-10-07,-4.27,10.17,8.18,6.31,5.45,6.24,6.05,5.27
249,2017-10-08,-4.27,10.17,8.18,6.31,5.45,6.24,6.05,5.27
250,2017-10-09,12.86,8.67,8.18,6.31,5.26,6.16,6.05,5.27
251,2017-10-10,5.34,8.67,4.86,6.31,4.6,5.97,5.95,5.23
252,2017-10-11,4.07,8.67,4.39,4.43,4.6,5.95,6.0,5.27
253,2017-10-12,4.07,8.67,4.39,4.43,4.6,5.95,6.0,5.27
254,2017-10-13,4.07,1.9,2.77,3.63,4.04,5.95,5.97,5.26
255,2017-10-14,4.07,1.9,2.77,3.63,4.04,5.95,5.97,5.26
256,2017-10-15,4.07,1.9,2.77,3.63,4.04,5.95,5.97,5.26
257,2017-10-16,4.07,6.52,2.77,3.63,4.83,6.14,6.12,5.26
258,2017-10-17,9.1,6.52,6.13,3.63,4.83,6.05,6.06,5.28
259,2017-10-18,1.19,6.52,3.49,3.97,4.83,5.94,5.99,5.24
260,2017-10-19,1.19,6.3,5.74,5.06,4.83,6.0,6.02,5.22
261,2017-10-20,1.19,7.71,6.67,5.52,4.98,6.0,6.04,5.23
262,2017-10-21,1.19,7.71,6.67,5.52,4.98,6.0,6.04,5.23
263,2017-10-22,1.19,7.71,6.67,5.52,4.98,6.0,6.04,5.23
264,2017-10-23,18.89,11.17,6.67,5.52,5.56,6.22,6.13,5.23
265,2017-10-24,30.63,11.17,12.62,5.52,6.33,6.38,6.22,5.42
266,2017-10-25,5.07,11.17,4.73,4.56,6.33,5.97,5.98,5.32
267,2017-10-26,5.07,11.17,10.47,7.38,6.33,6.47,6.28,5.51
268,2017-10-27,5.07,6.35,5.75,5.07,4.74,6.47,6.15,5.48
269,2017-10-28,5.07,6.35,5.75,5.07,4.74,6.47,6.15,5.48
270,2017-10-29,5.07,6.35,5.75,5.07,4.74,6.47,6.15,5.48
271,2017-10-30,1.74,3.19,5.75,5.07,4.27,6.18,6.1,5.48
272,2017-10-31,15.66,3.19,8.19,5.07,5.32,6.38,6.23,5.51
273,2017-11-01,0.86,3.19,3.35,3.82,5.32,6.23,6.23,5.57
274,2017-11-02,0.86,3.19,3.35,3.82,5.32,6.23,6.23,5.57
275,2017-11-03,0.86,11.53,9.03,6.66,5.55,6.23,6.52,5.76
276,2017-11-04,0.86,11.53,9.03,6.66,5.55,6.23,6.52,5.76
277,2017-11-05,0.86,11.53,9.03,6.66,5.55,6.23,6.52,5.76
278,2017-11-06,-5.32,-0.69,9.03,6.66,3.59,6.11,6.15,5.76
279,2017-11-07,1.76,-0.69,3.57,6.66,3.59,6.11,6.3,5.65
280,2017-11-08,-3.57,-0.69,1.61,2.93,3.59,6.13,6.2,5.6
281,2017-11-09,-3.57,6.05,5.48,4.89,3.59,6.3,6.27,5.63
282,2017-11-10,-3.57,9.48,7.63,5.93,5.12,6.3,6.43,5.79
283,2017-11-11,-3.57,9.48,7.63,5.93,5.12,6.3,6.43,5.79
284,2017-11-12,-3.57,9.48,7.63,5.93,5.12,6.3,6.43,5.79
285,2017-11-13,16.16,10.24,7.63,5.93,5.27,6.6,6.53,5.79
286,2017-11-14,10.68,10.24,7.63,5.93,4.87,6.63,6.67,6.59
287,2017-11-15,10.68,10.24,7.63,5.93,4.87,6.63,6.67,6.59
288,2017-11-16,10.68,3.12,3.53,3.87,4.87,6.36,6.41,6.39
289,2017-11-17,10.68,-0.34,1.19,2.69,3.5,6.36,6.22,6.39
290,2017-11-18,10.68,-0.34,1.19,2.69,3.5,6.36,6.22,6.39
291,2017-11-19,10.68,-0.34,1.19,2.69,3.5,6.36,6.22,6.39
292,2017-11-20,10.68,-0.34,1.19,2.69,3.5,6.36,6.22,6.39
293,2017-11-21,-2.52,-0.34,1.8,2.69,3.67,6.13,6.15,6.1
294,2017-11-22,-4.21,-0.34,1.12,2.66,3.67,6.14,6.22,6.21
295,2017-11-23,-4.21,-2.41,-0.25,1.98,3.67,6.05,6.19,6.24
296,2017-11-24,-4.21,1.74,2.56,3.4,3.88,6.05,6.34,6.35
297,2017-11-25,-4.21,1.74,2.56,3.4,3.88,6.05,6.34,6.35
298,2017-11-26,-4.21,1.74,2.56,3.4,3.88,6.05,6.34,6.35
299,2017-11-27,1.07,2.76,2.56,3.4,4.03,6.33,6.38,6.35
300,2017-11-28,-0.89,2.76,2.5,3.4,3.82,6.33,6.32,6.29
301,2017-11-29,9.76,2.76,6.19,5.13,3.82,6.58,6.56,6.51
302,2017-11-30,9.76,18.01,13.19,8.47,3.82,6.98,6.8,6.63
303,2017-12-01,9.76,2.31,2.88,3.47,3.87,6.98,6.59,6.55
304,2017-12-02,9.76,2.31,2.88,3.47,3.87,6.98,6.59,6.55
305,2017-12-03,9.76,2.31,2.88,3.47,3.87,6.98,6.59,6.55
306,2017-12-04,-4.35,0.11,2.88,3.47,3.52,6.36,6.49,6.55
307,2017-12-05,-2.84,0.11,1.8,3.47,3.66,6.34,6.5,6.42
308,2017-12-06,8.23,0.11,5.54,4.84,3.66,6.5,6.54,6.44
309,2017-12-07,8.23,16.24,11.98,7.92,3.66,6.89,6.83,6.61
310,2017-12-08,8.23,5.92,5.23,4.59,4.41,6.89,6.65,6.58
311,2017-12-09,8.23,5.92,5.23,4.59,4.41,6.89,6.65,6.58
312,2017-12-10,8.23,5.92,5.23,4.59,4.41,6.89,6.65,6.58
313,2017-12-11,11.37,7.56,5.23,4.59,4.65,6.89,6.69,6.58
314,2017-12-12,23.4,7.56,10.19,4.59,5.5,6.86,6.87,6.73
315,2017-12-13,3.27,7.56,3.81,3.86,5.5,6.51,6.69,6.66
316,2017-12-14,3.27,7.56,8.64,6.18,5.5,6.78,6.85,6.72
317,2017-12-15,3.27,7.56,0.93,2.38,3.15,6.78,6.67,7.13
318,2017-12-16,3.27,7.56,0.93,2.38,3.15,6.78,6.67,7.13
319,2017-12-17,3.27,7.56,0.93,2.38,3.15,6.78,6.67,7.13
320,2017-12-18,-5.57,-0.84,0.93,2.38,3.11,6.41,6.76,7.13
321,2017-12-19,7.89,-0.84,5.31,2.38,4.25,6.76,6.99,7.41
322,2017-12-20,3.71,-0.84,3.93,3.92,4.25,6.56,6.92,7.33
323,2017-12-21,3.71,7.8,6.39,5.15,4.25,6.63,6.89,7.24
324,2017-12-22,3.71,10.17,7.86,5.87,4.91,6.63,6.92,7.26
325,2017-12-23,3.71,10.17,7.86,5.87,4.91,6.63,6.92,7.26
326,2017-12-24,3.71,10.17,7.86,5.87,4.91,6.63,6.92,7.26
327,2017-12-25,3.71,10.17,7.86,5.87,4.91,6.63,6.92,7.26
328,2017-12-26,3.13,10.17,3.75,5.87,3.91,6.41,6.78,7.19
329,2017-12-27,0.12,10.17,2.69,3.34,3.91,6.36,6.75,7.18
330,2017-12-28,0.12,4.08,4.06,4.0,3.91,6.38,6.75,7.11
331,2017-12-29,0.12,4.08,4.06,4.0,3.91,6.38,6.75,7.11
332,2017-12-30,0.12,4.08,4.06,4.0,3.91,6.38,6.75,7.11
333,2017-12-31,0.12,4.08,4.06,4.0,3.91,6.38,6.75,7.11
334,2018-01-01,0.12,4.08,4.06,4.0,3.91,6.38,6.75,7.11
335,2018-01-02,-12.28,4.08,-2.19,4.0,2.39,5.89,6.4,6.93
336,2018-01-03,-5.4,4.08,0.5,2.24,2.39,6.01,6.44,6.88
337,2018-01-04,-5.4,-0.84,0.77,2.35,2.39,6.06,6.44,6.97
338,2018-01-05,-5.4,4.17,4.06,3.99,3.99,6.06,6.74,7.15
339,2018-01-06,-5.4,4.17,4.06,3.99,3.99,6.06,6.74,7.15
340,2018-01-07,-5.4,4.17,4.06,3.99,3.99,6.06,6.74,7.15
341,2018-01-08,1.84,2.86,4.06,3.99,3.82,6.33,6.76,7.15
342,2018-01-09,9.79,2.86,6.03,3.99,4.49,6.52,6.92,7.27
343,2018-01-10,1.95,2.86,3.22,3.62,4.49,6.36,6.88,7.25
344,2018-01-11,1.95,-0.32,1.14,2.62,4.49,6.21,6.79,7.22
345,2018-01-12,1.95,0.23,1.51,2.83,3.5,6.21,6.64,7.08
346,2018-01-13,1.95,0.23,1.51,2.83,3.5,6.21,6.64,7.08
347,2018-01-14,1.95,0.23,1.51,2.83,3.5,6.21,6.64,7.08
348,2018-01-15,-2.19,1.01,1.51,2.83,3.59,6.12,6.69,7.08
349,2018-01-16,17.46,1.01,8.2,2.83,5.12,6.39,6.8,7.1
350,2018-01-17,2.53,1.01,3.51,3.8,5.12,6.13,6.63,7.08
351,2018-01-18,2.53,0.24,1.52,2.83,5.12,6.0,6.53,6.94
352,2018-01-19,2.53,1.78,2.57,3.33,3.74,6.0,6.54,7.01
353,2018-01-20,2.53,1.78,2.57,3.33,3.74,6.0,6.54,7.01
354,2018-01-21,2.53,1.78,2.57,3.33,3.74,6.0,6.54,7.01
355,2018-01-22,1.58,2.84,2.57,3.33,3.88,6.05,6.55,7.01
356,2018-01-23,25.08,2.84,10.49,3.33,5.61,6.44,6.78,7.09
357,2018-01-24,-12.17,2.84,-1.64,1.16,5.61,5.67,6.34,6.85
358,2018-01-25,-12.17,2.84,-1.64,1.16,5.61,5.67,6.34,6.85
359,2018-01-26,-12.17,5.84,5.22,4.58,4.23,5.67,6.43,6.81
360,2018-01-27,-12.17,5.84,5.22,4.58,4.23,5.67,6.43,6.81
361,2018-01-28,-12.17,5.84,5.22,4.58,4.23,5.67,6.43,6.81
362,2018-01-29,14.89,5.84,5.22,4.58,4.78,6.01,6.45,6.81
363,2018-01-30,10.23,5.84,5.99,4.58,4.5,5.96,6.33,6.7
364,2018-01-31,13.22,5.84,5.99,5.47,4.5,5.94,6.23,6.61
365,2018-02-01,13.22,6.39,5.6,4.78,4.5,5.81,6.07,6.46
366,2018-02-02,13.22,14.17,10.54,7.13,5.54,5.81,6.24,6.55
367,2018-02-03,13.22,14.17,10.54,7.13,5.54,5.81,6.24,6.55
368,2018-02-04,13.22,14.17,10.54,7.13,5.54,5.81,6.24,6.55
369,2018-02-05,19.61,11.42,10.54,7.13,5.22,6.04,6.25,6.55
370,2018-02-06,7.48,11.42,5.25,7.13,4.33,5.78,6.09,6.55
371,2018-02-07,8.96,11.42,5.69,4.8,4.33,5.75,6.09,6.51
372,2018-02-08,8.96,11.42,5.69,4.8,4.33,5.75,6.09,6.51
373,2018-02-09,8.96,13.74,10.22,6.9,5.23,5.75,6.39,6.76
374,2018-02-10,8.96,13.74,10.22,6.9,5.23,5.75,6.39,6.76
375,2018-02-11,8.96,13.74,10.22,6.9,5.23,5.75,6.39,6.76
376,2018-02-12,8.96,13.74,10.22,6.9,5.23,5.75,6.39,6.76
377,2018-02-13,8.96,13.74,10.22,6.9,5.23,5.75,6.39,6.76
378,2018-02-14,8.96,13.74,10.22,6.9,5.23,5.75,6.39,6.76
379,2018-02-15,8.96,0.87,1.86,2.76,5.23,5.45,6.07,6.62
380,2018-02-16,8.96,1.82,2.46,3.06,3.22,5.45,6.06,6.56
381,2018-02-17,8.96,1.82,2.46,3.06,3.22,5.45,6.06,6.56
382,2018-02-18,8.96,1.82,2.46,3.06,3.22,5.45,6.06,6.56
383,2018-02-19,2.47,3.14,2.46,3.06,3.37,5.51,6.1,6.56
384,2018-02-20,9.72,3.14,5.8,3.06,3.96,5.58,6.15,6.56
385,2018-02-21,4.5,3.14,3.94,3.75,3.96,5.47,6.1,6.58
386,2018-02-22,4.5,2.03,2.54,3.07,3.96,5.38,6.04,6.54
387,2018-02-23,4.5,-0.04,1.17,2.38,2.85,5.38,5.92,6.45
388,2018-02-24,4.5,-0.04,1.17,2.38,2.85,5.38,5.92,6.45
389,2018-02-25,4.5,-0.04,1.17,2.38,2.85,5.38,5.92,6.45
390,2018-02-26,3.05,3.43,1.17,2.38,3.47,5.33,5.86,6.45
391,2018-02-27,7.49,3.43,5.06,2.38,3.85,5.35,5.88,6.33
392,2018-02-28,7.49,3.43,3.98,3.77,3.85,5.26,5.83,6.24
393,2018-03-01,7.49,7.6,6.19,4.86,3.85,5.42,5.93,6.3
394,2018-03-02,7.49,7.6,6.19,3.21,3.19,5.42,5.89,6.33
395,2018-03-03,7.49,7.6,6.19,3.21,3.19,5.42,5.89,6.33
396,2018-03-04,7.49,7.6,6.19,3.21,3.19,5.42,5.89,6.33
397,2018-03-05,-1.43,1.05,6.19,3.21,2.93,5.15,5.77,6.33
398,2018-03-06,-12.44,1.05,-2.29,3.21,1.98,4.97,5.67,6.22
399,2018-03-07,10.33,1.05,5.82,4.71,1.98,5.35,5.85,6.25
400,2018-03-08,10.33,9.7,7.51,5.51,1.98,5.46,5.88,6.32
401,2018-03-09,10.33,3.44,3.47,3.52,1.98,5.46,5.73,6.23
402,2018-03-10,10.33,3.44,3.47,3.52,1.98,5.46,5.73,6.23
403,2018-03-11,10.33,3.44,3.47,3.52,1.98,5.46,5.73,6.23
404,2018-03-12,6.6,5.01,3.47,3.52,3.56,5.26,5.72,6.23
405,2018-03-13,2.14,5.01,3.01,3.52,3.22,5.12,5.62,6.11
406,2018-03-14,7.81,5.01,4.96,4.23,3.22,5.24,5.63,6.12
407,2018-03-15,7.81,10.1,7.82,5.65,3.22,5.41,5.73,6.12
408,2018-03-16,7.81,1.99,2.55,3.06,3.18,5.41,5.54,6.04
409,2018-03-17,7.81,1.99,2.55,3.06,3.18,5.41,5.54,6.04
410,2018-03-18,7.81,1.99,2.55,3.06,3.18,5.41,5.54,6.04
411,2018-03-19,0.95,2.22,2.55,3.06,3.15,5.41,5.53,6.04
412,2018-03-20,8.26,2.22,5.13,3.06,3.74,5.17,5.57,6.02
413,2018-03-21,-4.55,2.22,0.65,2.06,3.74,4.88,5.38,5.92
414,2018-03-22,-4.55,4.98,4.43,3.82,3.74,5.01,5.47,5.99
415,2018-03-23,-4.55,4.36,4.03,3.61,3.25,5.01,5.56,6.05
416,2018-03-24,-4.55,4.36,4.03,3.61,3.25,5.01,5.56,6.05
417,2018-03-25,-4.55,4.36,4.03,3.61,3.25,5.01,5.56,6.05
418,2018-03-26,1.78,2.54,4.03,3.61,2.89,4.9,5.49,6.05
419,2018-03-27,12.34,2.54,6.35,3.61,3.8,5.17,5.66,6.18
420,2018-03-28,7.09,2.54,4.61,3.89,3.8,5.09,5.63,6.16
421,2018-03-29,7.09,-5.16,-2.32,0.39,3.8,4.66,5.37,6.02
422,2018-03-30,7.09,-5.16,-2.32,0.39,3.8,4.66,5.37,6.02
423,2018-03-31,7.09,-5.16,-2.32,0.39,3.8,4.66,5.37,6.02
424,2018-04-01,7.09,-5.16,-2.32,0.39,3.8,4.66,5.37,6.02
425,2018-04-02,0.59,1.96,-2.32,0.39,2.74,4.93,5.52,6.02
426,2018-04-03,12.38,1.96,6.27,0.39,3.69,5.13,5.61,6.15
427,2018-04-04,12.25,1.96,6.19,4.58,3.69,5.17,5.69,6.24
428,2018-04-05,12.25,0.22,1.28,2.12,3.69,4.78,5.43,6.04
429,2018-04-06,12.25,14.73,10.53,6.64,4.63,4.78,5.75,6.19
430,2018-04-07,12.25,14.73,10.53,6.64,4.63,4.78,5.75,6.19
431,2018-04-08,12.25,14.73,10.53,6.64,4.63,4.78,5.75,6.19
432,2018-04-09,14.17,8.56,10.53,6.64,3.73,5.15,5.66,6.19
433,2018-04-10,8.97,8.56,5.15,6.64,3.32,5.11,5.67,6.2
434,2018-04-11,-11.16,8.56,-1.92,0.46,3.32,4.7,5.44,6.12
435,2018-04-12,-11.16,2.07,2.45,2.64,3.32,4.85,5.49,6.1
436,2018-04-13,-11.16,10.2,7.62,5.11,3.76,4.85,5.7,6.23
437,2018-04-14,-11.16,10.2,7.62,5.11,3.76,4.85,5.7,6.23
438,2018-04-15,-11.16,10.2,7.62,5.11,3.76,4.85,5.7,6.23
439,2018-04-16,7.06,5.01,7.62,5.11,2.91,4.87,5.57,6.23
440,2018-04-17,-5.4,5.01,0.07,5.11,1.85,4.64,5.45,6.08
441,2018-04-18,-6.68,5.01,-0.38,1.1,1.85,4.63,5.41,6.08
442,2018-04-19,-6.68,3.96,3.62,3.14,1.85,4.88,5.41,6.12
443,2018-04-20,-6.68,4.84,4.18,3.37,2.92,4.88,5.41,6.1
444,2018-04-21,-6.68,4.84,4.18,3.37,2.92,4.88,5.41,6.1
445,2018-04-22,-6.68,4.84,4.18,3.37,2.92,4.88,5.41,6.1
446,2018-04-23,16.51,9.58,4.18,3.37,3.67,5.14,5.72,6.1
447,2018-04-24,12.57,9.58,6.13,3.37,3.67,5.17,5.77,6.28
448,2018-04-25,14.46,9.58,6.76,4.64,3.67,5.22,5.79,6.31
449,2018-04-26,14.46,-0.39,0.78,1.68,3.67,4.84,5.58,6.24
450,2018-04-27,14.46,-3.94,-1.54,0.51,1.42,4.84,5.39,6.08
451,2018-04-28,14.46,-3.94,-1.54,0.51,1.42,4.84,5.39,6.08
452,2018-04-29,14.46,-3.94,-1.54,0.51,1.42,4.84,5.39,6.08
453,2018-04-30,14.78,9.06,-1.54,0.51,3.64,5.14,5.66,6.08
454,2018-05-01,14.78,9.06,-1.54,0.51,3.64,5.14,5.66,6.08
455,2018-05-02,25.87,9.06,10.25,6.39,3.64,5.3,5.73,6.24
456,2018-05-03,25.87,0.74,1.55,2.09,3.64,5.3,5.53,6.21
457,2018-05-04,25.87,-1.34,0.21,1.43,2.03,5.3,5.55,6.21
458,2018-05-05,25.87,-1.34,0.21,1.43,2.03,5.3,5.55,6.21
459,2018-05-06,25.87,-1.34,0.21,1.43,2.03,5.3,5.55,6.21
460,2018-05-07,11.75,7.42,0.21,1.43,3.49,5.2,5.75,6.21
461,2018-05-08,11.35,7.42,5.92,1.43,3.51,5.32,5.86,6.44
462,2018-05-09,10.7,7.42,5.68,4.16,3.51,5.51,6.08,6.62
463,2018-05-10,10.7,-4.75,-2.06,0.23,3.51,4.95,5.68,6.37
464,2018-05-11,10.7,11.35,8.41,5.55,4.17,4.95,5.98,6.48
465,2018-05-12,10.7,11.35,8.41,5.55,4.17,4.95,5.98,6.48
466,2018-05-13,10.7,11.35,8.41,5.55,4.17,4.95,5.98,6.48
467,2018-05-14,22.21,12.13,8.41,5.55,4.41,5.64,6.07,6.48
468,2018-05-15,19.66,12.13,8.38,5.55,4.18,5.61,6.1,6.61
469,2018-05-16,6.55,12.13,4.2,3.41,4.18,5.31,5.91,6.51
470,2018-05-17,6.55,7.16,5.74,4.28,4.18,5.31,6.03,6.63
471,2018-05-18,6.55,12.2,8.96,5.9,4.54,5.31,6.54,7.05
472,2018-05-19,6.55,12.2,8.96,5.9,4.54,5.31,6.54,7.05
473,2018-05-20,6.55,12.2,8.96,5.9,4.54,5.31,6.54,7.05
474,2018-05-21,-15.97,-6.69,8.96,5.9,1.25,5.32,6.17,7.05
475,2018-05-22,-19.5,-6.69,-5.08,5.9,0.85,5.16,6.08,6.88
476,2018-05-23,-5.5,-6.69,0.17,1.41,0.85,5.47,6.27,6.97
477,2018-05-24,-5.5,2.81,2.89,2.83,0.85,5.75,6.52,7.16
478,2018-05-25,-5.5,7.71,6.05,4.43,3.73,5.75,6.82,7.44
479,2018-05-26,-5.5,7.71,6.05,4.43,3.73,5.75,6.82,7.44
480,2018-05-27,-5.5,7.71,6.05,4.43,3.73,5.75,6.82,7.44
481,2018-05-28,27.99,14.65,6.05,4.43,4.92,6.34,6.93,7.44
482,2018-05-29,15.53,14.65,7.08,4.43,4.09,6.47,7.19,7.79
483,2018-05-30,5.77,14.65,3.94,3.37,4.09,6.17,7.02,7.64
484,2018-05-31,5.77,14.65,3.94,3.37,4.09,6.17,7.02,7.64
485,2018-06-01,5.77,8.28,6.45,4.61,3.8,6.17,7.06,7.67
486,2018-06-02,5.77,8.28,6.45,4.61,3.8,6.17,7.06,7.67
487,2018-06-03,5.77,8.28,6.45,4.61,3.8,6.17,7.06,7.67
488,2018-06-04,1.72,2.46,6.45,4.61,2.78,6.02,7.0,7.67
489,2018-06-05,21.97,2.46,9.25,4.61,4.61,6.72,7.66,8.28
490,2018-06-06,18.87,2.46,8.32,5.68,4.61,6.83,7.66,8.52
491,2018-06-07,18.87,18.62,13.19,8.44,4.61,7.22,8.02,8.52
492,2018-06-08,18.87,-24.02,-15.55,-7.0,-1.78,7.22,6.7,7.79
493,2018-06-09,18.87,-24.02,-15.55,-7.0,-1.78,7.22,6.7,7.79
494,2018-06-10,18.87,-24.02,-15.55,-7.0,-1.78,7.22,6.7,7.79
495,2018-06-11,-14.11,-5.82,-15.55,-7.0,1.61,5.94,6.98,7.79
496,2018-06-12,11.77,-5.82,6.04,-7.0,3.76,6.37,7.11,7.86
497,2018-06-13,7.25,-5.82,4.53,3.5,3.76,6.39,7.11,7.88
498,2018-06-14,7.25,17.96,12.88,7.91,3.76,7.27,7.81,8.41
499,2018-06-15,7.25,6.45,5.32,4.12,3.9,7.27,7.48,8.19
500,2018-06-16,7.25,6.45,5.32,4.12,3.9,7.27,7.48,8.19
501,2018-06-17,7.25,6.45,5.32,4.12,3.9,7.27,7.48,8.19
502,2018-06-18,-3.88,-0.42,5.32,4.12,2.66,6.4,7.36,8.19
503,2018-06-19,-1.78,-0.42,1.28,4.12,2.71,6.2,7.14,7.9
504,2018-06-20,6.74,-0.42,4.17,3.45,2.71,6.31,7.18,7.92
505,2018-06-21,6.74,6.97,5.48,4.05,2.71,6.38,7.18,8.05
506,2018-06-22,6.74,-0.74,0.31,1.38,2.16,6.38,7.22,8.05
507,2018-06-23,6.74,-0.74,0.31,1.38,2.16,6.38,7.22,8.05
508,2018-06-24,6.74,-0.74,0.31,1.38,2.16,6.38,7.22,8.05
509,2018-06-25,4.3,3.53,0.31,1.38,2.16,6.18,7.21,8.05
510,2018-06-26,7.53,3.53,4.35,1.38,3.24,6.1,7.13,7.9
511,2018-06-27,37.84,3.53,13.95,8.3,3.24,6.71,7.42,8.0
512,2018-06-28,37.84,6.38,5.16,8.3,3.24,6.17,7.12,7.88
513,2018-06-29,37.84,6.84,5.47,4.18,3.66,6.17,6.91,7.66
514,2018-06-30,37.84,6.84,5.47,4.18,3.66,6.17,6.91,7.66
515,2018-07-01,37.84,6.84,5.47,4.18,3.66,6.17,6.91,7.66
516,2018-07-02,22.22,12.32,5.47,4.18,4.52,6.11,6.75,7.66
517,2018-07-03,0.13,12.32,1.97,4.18,2.74,5.78,6.61,7.44
518,2018-07-04,8.41,12.32,4.84,3.76,2.74,5.78,6.51,7.33
519,2018-07-05,8.41,8.47,6.51,3.76,2.74,6.02,6.67,7.47
520,2018-07-06,8.41,-4.74,-2.32,1.0,1.44,6.02,6.32,7.23
521,2018-07-07,8.41,-4.74,-2.32,1.0,1.44,6.02,6.32,7.23
522,2018-07-08,8.41,-4.74,-2.32,1.0,1.44,6.02,6.32,7.23
523,2018-07-09,8.41,-4.74,-2.32,1.0,1.44,6.02,6.32,7.23
524,2018-07-10,-14.02,-4.74,-3.26,1.0,1.37,5.36,6.28,7.17
525,2018-07-11,13.09,-4.74,6.58,4.82,1.37,6.15,6.8,7.51
526,2018-07-12,13.09,13.1,9.46,6.31,1.37,6.45,7.01,7.65
527,2018-07-13,0.37,1.83,9.46,6.31,3.05,6.07,6.84,7.65
528,2018-07-14,0.37,1.83,9.46,6.31,3.05,6.07,6.84,7.65
529,2018-07-15,0.37,1.83,9.46,6.31,3.05,6.07,6.84,7.65
530,2018-07-16,0.37,1.83,9.46,6.31,3.05,6.07,6.84,7.65
531,2018-07-17,-0.73,1.83,1.73,6.31,2.85,5.91,6.72,7.48
532,2018-07-18,-6.23,1.83,-0.3,1.33,2.85,5.84,6.63,7.46
533,2018-07-19,-6.23,5.52,4.6,3.83,2.85,6.0,6.66,7.4
534,2018-07-20,-6.23,-13.49,-8.26,-2.86,0.24,6.0,6.02,7.0
535,2018-07-21,-6.23,-13.49,-8.26,-2.86,0.24,6.0,6.02,7.0
536,2018-07-22,-6.23,-13.49,-8.26,-2.86,0.24,6.0,6.02,7.0
537,2018-07-23,6.08,4.74,-8.26,-2.86,3.63,5.84,6.38,7.0
538,2018-07-24,-10.45,4.74,-1.81,-2.86,2.11,5.5,6.21,7.0
539,2018-07-25,-7.78,4.74,-0.9,1.01,2.11,5.52,6.14,7.0
540,2018-07-26,-7.78,8.87,6.84,4.91,2.11,5.98,6.44,7.15
541,2018-07-27,-7.78,2.49,2.66,2.84,3.18,5.98,6.47,7.19
542,2018-07-28,-7.78,2.49,2.66,2.84,3.18,5.98,6.47,7.19
543,2018-07-29,-7.78,2.49,2.66,2.84,3.18,5.98,6.47,7.19
544,2018-07-30,7.96,5.69,2.66,2.84,3.84,5.98,6.54,7.19
545,2018-07-31,17.31,5.69,7.97,2.84,4.57,6.16,6.67,7.31
546,2018-08-01,3.03,5.69,3.1,3.1,4.57,5.94,6.63,7.31
547,2018-08-02,3.03,5.5,4.65,3.9,4.57,6.02,6.68,7.4
548,2018-08-03,3.03,-5.73,-2.88,1.0,1.76,6.02,6.34,7.16
549,2018-08-04,3.03,-5.73,-2.88,1.0,1.76,6.02,6.34,7.16
550,2018-08-05,3.03,-5.73,-2.88,1.0,1.76,6.02,6.34,7.16
551,2018-08-06,6.52,4.82,-2.88,1.0,3.57,5.86,6.46,7.16
552,2018-08-07,16.9,4.82,7.74,1.0,4.41,6.14,6.68,7.34
553,2018-08-08,16.9,4.82,9.42,6.16,4.41,6.32,6.81,7.46
554,2018-08-09,16.9,12.12,9.01,6.01,4.41,6.46,6.96,7.61
555,2018-08-10,16.9,15.12,10.95,6.98,5.54,6.46,7.37,7.95
556,2018-08-11,16.9,15.12,10.95,6.98,5.54,6.46,7.37,7.95
557,2018-08-12,16.9,15.12,10.95,6.98,5.54,6.46,7.37,7.95
558,2018-08-13,27.47,15.12,10.95,6.98,5.45,6.91,7.41,7.95
559,2018-08-14,-5.04,15.12,0.11,6.98,2.64,6.09,6.87,7.64
560,2018-08-15,9.3,15.12,5.06,4.01,2.64,6.31,7.0,7.69
561,2018-08-16,9.3,1.77,2.14,2.58,2.64,6.26,7.05,7.8
562,2018-08-17,9.3,10.57,2.14,5.33,4.48,6.26,7.25,7.94
563,2018-08-18,9.3,10.57,2.14,5.33,4.48,6.26,7.25,7.94
564,2018-08-19,9.3,10.57,2.14,5.33,4.48,6.26,7.25,7.94
565,2018-08-20,10.52,6.64,2.14,5.33,3.91,6.5,7.25,7.94
566,2018-08-21,30.91,6.64,11.86,5.33,5.4,7.03,7.72,8.36
567,2018-08-22,28.51,6.64,11.12,6.8,5.4,6.86,7.52,8.19
568,2018-08-23,28.51,9.76,7.4,5.09,5.4,6.87,7.59,8.31
569,2018-08-24,28.51,8.53,6.62,4.71,4.12,6.87,7.45,8.18
570,2018-08-25,28.51,8.53,6.62,4.71,4.12,6.87,7.45,8.18
571,2018-08-26,28.51,8.53,6.62,4.71,4.12,6.87,7.45,8.18
572,2018-08-27,1.39,2.11,6.62,4.71,3.14,6.45,7.25,8.18
573,2018-08-28,25.11,2.11,10.25,4.71,5.08,6.91,7.52,8.22
574,2018-08-29,5.57,2.11,3.92,3.56,5.08,6.62,7.42,8.21
575,2018-08-30,5.57,8.94,7.04,5.13,5.08,7.02,7.72,8.45
576,2018-08-31,5.57,-13.54,-8.22,-2.48,0.64,7.02,7.18,8.17
577,2018-09-01,5.57,-13.54,-8.22,-2.48,0.64,7.02,7.18,8.17
578,2018-09-02,5.57,-13.54,-8.22,-2.48,0.64,7.02,7.18,8.17
579,2018-09-03,6.22,-13.54,-8.22,-2.48,3.8,6.91,7.65,8.17
580,2018-09-04,12.5,-13.54,6.39,-2.48,4.37,7.15,7.87,8.6
581,2018-09-05,-6.32,-13.54,-0.22,-2.48,4.37,6.86,7.8,8.66
582,2018-09-06,-6.32,-3.38,-1.13,-2.48,4.37,6.75,7.66,8.52
583,2018-09-07,-6.32,-3.38,-1.13,-2.48,4.37,6.75,7.66,8.52
584,2018-09-08,-6.32,-3.38,-1.13,-2.48,4.37,6.75,7.66,8.52
585,2018-09-09,-6.32,-3.38,-1.13,-2.48,4.37,6.75,7.66,8.52
586,2018-09-10,-12.66,-5.58,-1.13,-2.48,1.95,6.63,7.62,8.52
587,2018-09-11,20.44,-5.58,8.95,-2.48,4.76,7.27,8.05,8.69
588,2018-09-12,20.44,-5.58,-0.42,1.31,4.76,6.78,7.73,8.54
589,2018-09-13,20.44,13.5,9.78,6.45,4.76,7.42,8.12,8.79
590,2018-09-14,20.44,3.08,3.09,3.15,3.39,7.42,7.84,8.61
591,2018-09-15,20.44,3.08,3.09,3.15,3.39,7.42,7.84,8.61
592,2018-09-16,20.44,3.08,3.09,3.15,3.39,7.42,7.84,8.61
593,2018-09-17,-11.34,-4.69,3.09,3.15,2.03,6.61,7.65,8.61
594,2018-09-18,-8.48,-4.69,-1.12,3.15,2.4,6.65,7.67,8.49
595,2018-09-19,-0.06,-4.69,1.96,2.64,2.4,6.75,7.68,8.43
596,2018-09-20,-0.06,-6.23,-2.99,0.13,2.01,6.75,7.16,7.98
597,2018-09-21,-0.06,-6.23,-2.99,0.13,2.01,6.75,7.16,7.98
598,2018-09-22,-0.06,-6.23,-2.99,0.13,2.01,6.75,7.16,7.98
599,2018-09-23,-0.06,-6.23,-2.99,0.13,2.01,6.75,7.16,7.98
600,2018-09-24,8.84,5.95,-2.99,0.13,4.09,6.76,7.46,7.98
601,2018-09-25,9.59,5.95,5.23,0.13,4.18,6.77,7.49,8.19
602,2018-09-26,-23.02,5.95,5.23,-1.91,4.18,6.01,7.02,8.19
603,2018-09-27,-23.02,-7.45,-3.97,-0.38,4.18,6.06,6.98,7.8
604,2018-09-28,-23.02,7.82,6.13,4.76,4.43,6.06,7.43,8.07
605,2018-09-29,-23.02,7.82,6.13,4.76,4.43,6.06,7.43,8.07
606,2018-09-30,-23.02,7.82,6.13,4.76,4.43,6.06,7.43,8.07
607,2018-10-01,5.71,4.36,6.13,4.76,3.85,6.6,7.17,8.07
608,2018-10-02,-25.17,4.36,-7.77,4.76,0.99,5.89,6.75,7.67
609,2018-10-03,-25.17,4.36,-7.77,0.6,0.99,5.89,6.71,7.51
610,2018-10-04,-25.17,10.99,8.23,5.82,0.99,6.43,6.88,7.51
611,2018-10-05,-25.17,-3.42,-1.27,1.16,2.69,6.43,6.74,7.55
612,2018-10-06,-25.17,-3.42,-1.27,1.16,2.69,6.43,6.74,7.55
613,2018-10-07,-25.17,-3.42,-1.27,1.16,2.69,6.43,6.74,7.55
614,2018-10-08,-29.78,-14.5,-1.27,1.16,0.46,5.11,6.06,7.55
615,2018-10-09,-14.55,-14.5,-3.3,1.16,1.91,5.28,6.06,6.86
616,2018-10-10,8.32,-14.5,4.75,3.92,1.91,5.69,6.28,7.0
617,2018-10-11,8.32,6.76,5.39,4.15,1.91,5.86,6.4,7.06
618,2018-10-12,8.32,6.76,5.39,4.15,1.91,5.86,6.4,7.06
619,2018-10-13,8.32,6.76,5.39,4.15,1.91,5.86,6.4,7.06
620,2018-10-14,8.32,6.76,5.39,4.15,1.91,5.86,6.4,7.06
621,2018-10-15,-2.13,0.31,5.39,4.15,2.82,5.39,6.01,7.06
622,2018-10-16,-2.13,0.31,2.01,4.15,3.03,5.23,5.8,6.5
623,2018-10-17,-7.03,0.31,-0.68,1.06,3.03,4.94,5.59,6.31
624,2018-10-18,-7.03,4.08,3.54,3.16,3.03,5.39,5.9,6.57
625,2018-10-19,-7.03,4.05,3.51,3.15,3.42,5.39,5.88,6.56
626,2018-10-20,-7.03,4.05,3.51,3.15,3.42,5.39,5.88,6.56
627,2018-10-21,-7.03,4.05,3.51,3.15,3.42,5.39,5.88,6.56
628,2018-10-22,-4.75,-0.99,3.51,3.15,2.54,5.03,5.67,6.56
629,2018-10-23,4.34,-0.99,3.05,3.15,3.23,5.26,5.81,6.47
630,2018-10-24,8.26,-0.99,4.34,3.52,3.23,5.51,6.02,6.67
631,2018-10-25,8.26,1.31,1.73,2.32,3.23,5.43,6.06,6.72
632,2018-10-26,8.26,1.31,-2.96,-0.01,1.85,5.43,5.73,6.45
633,2018-10-27,8.26,1.31,-2.96,-0.01,1.85,5.43,5.73,6.45
634,2018-10-28,8.26,1.31,-2.96,-0.01,1.85,5.43,5.73,6.45
635,2018-10-29,11.61,6.94,-2.96,-0.01,3.9,5.53,5.99,6.45
636,2018-10-30,33.31,6.94,12.11,-0.01,5.41,5.82,6.07,6.56
637,2018-10-31,6.93,6.94,4.1,3.51,5.41,5.39,5.91,6.46
638,2018-11-01,6.93,-2.27,-0.6,1.09,5.41,5.01,5.66,6.34
639,2018-11-02,6.93,-2.27,-0.6,1.09,5.41,5.01,5.66,6.34
640,2018-11-03,6.93,-2.27,-0.6,1.09,5.41,5.01,5.66,6.34
641,2018-11-04,6.93,-2.27,-0.6,1.09,5.41,5.01,5.66,6.34
642,2018-11-05,10.31,6.39,-0.6,1.09,3.56,5.25,5.78,6.34
643,2018-11-06,17.07,6.39,7.26,1.09,4.08,5.33,5.83,6.39
644,2018-11-07,1.7,6.39,2.21,2.42,4.08,5.33,5.77,6.42
645,2018-11-08,1.7,2.39,2.42,2.5,4.08,5.23,5.92,6.57
646,2018-11-09,1.7,2.98,2.78,2.72,2.92,5.23,6.0,6.57
647,2018-11-10,1.7,2.98,2.78,2.72,2.92,5.23,6.0,6.57
648,2018-11-11,1.7,2.98,2.78,2.72,2.92,5.23,6.0,6.57
649,2018-11-12,2.17,2.31,2.78,2.72,2.75,5.27,6.01,6.57
650,2018-11-13,25.22,2.31,9.71,2.72,4.41,5.66,6.27,6.75
651,2018-11-14,5.85,2.31,3.53,3.02,4.41,5.28,6.01,6.64
652,2018-11-15,5.85,2.31,3.53,3.02,4.41,5.28,6.01,6.64
653,2018-11-16,5.85,-6.15,-3.21,-0.47,1.15,5.28,5.58,6.28
654,2018-11-17,5.85,-6.15,-3.21,-0.47,1.15,5.28,5.58,6.28
655,2018-11-18,5.85,-6.15,-3.21,-0.47,1.15,5.28,5.58,6.28
656,2018-11-19,5.18,3.75,-3.21,-0.47,2.89,5.14,5.85,6.28
657,2018-11-20,5.18,3.75,-3.21,-0.47,2.89,5.14,5.85,6.28
658,2018-11-21,10.07,3.75,5.1,3.82,2.89,5.16,5.79,6.36
659,2018-11-22,10.07,5.97,4.76,3.72,2.89,5.14,5.73,6.3
660,2018-11-23,10.07,3.44,3.17,2.96,3.03,5.14,5.58,6.11
661,2018-11-24,10.07,3.44,3.17,2.96,3.03,5.14,5.58,6.11
662,2018-11-25,10.07,3.44,3.17,2.96,3.03,5.14,5.58,6.11
663,2018-11-26,38.07,18.9,3.17,2.96,5.49,5.7,6.05,6.11
664,2018-11-27,11.3,18.9,5.45,2.96,3.66,5.3,5.83,6.41
665,2018-11-28,-13.47,18.9,-3.21,-0.37,3.66,5.3,5.51,6.25
666,2018-11-29,-13.47,1.68,2.01,2.36,3.66,5.03,5.62,6.2
667,2018-11-30,-13.47,3.64,3.28,3.03,3.1,5.03,5.64,6.2
668,2018-12-01,-13.47,3.64,3.28,3.03,3.1,5.03,5.64,6.2
669,2018-12-02,-13.47,3.64,3.28,3.03,3.1,5.03,5.64,6.2
670,2018-12-03,-11.28,-4.32,3.28,3.03,1.72,4.82,5.51,6.2
671,2018-12-04,9.8,-4.32,3.28,3.03,3.57,5.47,6.02,6.49
672,2018-12-05,13.13,-4.32,3.28,4.37,3.57,5.5,5.99,6.53
673,2018-12-06,13.13,-4.48,-2.15,0.33,1.72,5.5,5.79,6.36
674,2018-12-07,13.13,-4.48,-2.15,0.33,1.72,5.5,5.79,6.36
675,2018-12-08,13.13,-4.48,-2.15,0.33,1.72,5.5,5.79,6.36
676,2018-12-09,13.13,-4.48,-2.15,0.33,1.72,5.5,5.79,6.36
677,2018-12-10,11.67,6.81,-2.15,0.33,3.61,5.57,6.11,6.36
678,2018-12-11,2.67,6.81,2.67,0.33,2.87,5.57,6.0,6.58
679,2018-12-12,-14.75,6.81,-3.5,-0.36,2.87,4.92,5.7,6.38
680,2018-12-13,-14.75,5.13,4.34,3.49,3.16,4.92,5.66,6.17
681,2018-12-14,-14.75,5.13,4.34,3.49,3.16,4.92,5.66,6.17
682,2018-12-15,-14.75,5.13,4.34,3.49,3.16,4.92,5.66,6.17
683,2018-12-16,-14.75,5.13,4.34,3.49,3.16,4.92,5.66,6.17
684,2018-12-17,-5.31,-1.32,4.34,3.49,2.06,4.89,5.62,6.17
685,2018-12-18,-2.03,-1.32,1.01,3.49,2.39,5.1,5.78,6.32
686,2018-12-19,-6.15,-1.32,-0.44,1.14,2.39,4.91,5.62,6.18
687,2018-12-20,-6.15,-4.43,-2.11,0.28,2.39,4.75,5.43,6.05
688,2018-12-21,-6.15,9.35,7.07,4.74,3.73,4.75,5.55,6.01
689,2018-12-22,-6.15,9.35,7.07,4.74,3.73,4.75,5.55,6.01
690,2018-12-23,-6.15,9.35,7.07,4.74,3.73,4.75,5.55,6.01
691,2018-12-24,-6.15,9.35,7.07,4.74,3.73,4.75,5.55,6.01
692,2018-12-25,-6.15,9.35,7.07,4.74,3.73,4.75,5.55,6.01
693,2018-12-26,12.3,9.35,5.83,4.12,3.73,5.05,5.51,6.03
694,2018-12-27,12.3,-3.76,-1.65,0.48,3.73,4.76,5.4,5.93
695,2018-12-28,12.3,-7.07,-3.89,-0.57,1.16,4.76,5.48,6.03
696,2018-12-29,12.3,-7.07,-3.89,-0.57,1.16,4.76,5.48,6.03
697,2018-12-30,12.3,-7.07,-3.89,-0.57,1.16,4.76,5.48,6.03
698,2018-12-31,12.3,-7.07,-3.89,-0.57,1.16,4.76,5.48,6.03
699,2019-01-01,12.3,-7.07,-3.89,-0.57,1.16,4.76,5.48,6.03
700,2019-01-02,-15.3,-7.07,-3.89,-0.6,1.16,4.63,5.45,5.99
701,2019-01-03,-15.3,-7.07,-8.46,-2.98,1.16,4.46,5.37,6.0
702,2019-01-04,-15.3,-7.07,-3.22,-0.22,1.31,4.46,5.33,5.88
703,2019-01-05,-15.3,-7.07,-3.22,-0.22,1.31,4.46,5.33,5.88
704,2019-01-06,-15.3,-7.07,-3.22,-0.22,1.31,4.46,5.33,5.88
705,2019-01-07,-8.28,-3.17,-3.22,-0.22,1.84,4.8,5.38,5.88
706,2019-01-08,4.86,-3.17,3.47,-0.22,2.99,4.95,5.41,5.88
707,2019-01-09,-6.99,-3.17,-0.82,0.99,2.99,4.68,5.24,5.76
708,2019-01-10,-6.99,5.47,4.49,3.68,2.99,4.98,5.4,5.88
709,2019-01-11,-6.99,6.57,5.16,3.98,3.4,4.98,5.43,5.85
710,2019-01-12,-6.99,6.57,5.16,3.98,3.4,4.98,5.43,5.85
711,2019-01-13,-6.99,6.57,5.16,3.98,3.4,4.98,5.43,5.85
712,2019-01-14,-4.59,-1.21,5.16,3.98,2.12,4.75,5.28,5.85
713,2019-01-15,1.25,-1.21,2.13,3.98,2.7,4.93,5.43,5.92
714,2019-01-16,1.25,7.78,5.88,4.28,2.7,5.07,5.49,5.95
715,2019-01-17,1.25,7.78,5.88,4.28,2.7,5.07,5.49,5.95
716,2019-01-18,1.25,3.58,3.22,2.98,2.9,5.07,5.3,5.79
717,2019-01-19,1.25,3.58,3.22,2.98,2.9,5.07,5.3,5.79
718,2019-01-20,1.25,3.58,3.22,2.98,2.9,5.07,5.3,5.79
719,2019-01-21,5.37,4.01,3.22,2.98,2.99,4.86,5.28,5.79
720,2019-01-22,5.91,4.01,3.78,2.98,2.95,4.79,5.25,5.73
721,2019-01-23,5.12,4.01,3.49,3.09,2.95,4.67,5.12,5.58
722,2019-01-24,5.12,-2.88,-1.07,0.79,2.95,4.51,5.13,5.72
723,2019-01-25,5.12,-2.88,-1.07,0.79,2.95,4.51,5.13,5.72
724,2019-01-26,5.12,-2.88,-1.07,0.79,2.95,4.51,5.13,5.72
725,2019-01-27,5.12,-2.88,-1.07,0.79,2.95,4.51,5.13,5.72
726,2019-01-28,3.58,3.09,-1.07,0.79,2.68,4.78,5.29,5.72
727,2019-01-29,-9.98,3.09,-2.16,0.79,1.42,4.43,5.08,5.66
728,2019-01-30,-1.92,3.09,0.98,1.85,1.42,4.71,5.28,5.79
729,2019-01-31,-1.92,-9.05,0.98,-1.27,1.42,4.26,4.96,5.55
730,2019-02-01,-1.92,3.07,2.92,2.89,2.73,4.26,5.05,5.51
731,2019-02-02,-1.92,3.07,2.92,2.89,2.73,4.26,5.05,5.51
732,2019-02-03,-1.92,3.07,2.92,2.89,2.73,4.26,5.05,5.51
733,2019-02-04,0.95,1.87,2.92,2.89,2.51,4.59,5.04,5.51
734,2019-02-05,0.02,1.87,1.76,2.89,2.4,4.6,5.09,5.61
735,2019-02-06,10.76,1.87,5.28,4.01,2.4,4.83,5.25,5.7
736,2019-02-07,10.76,4.48,3.86,3.36,2.4,4.82,5.26,5.73
737,2019-02-08,10.76,4.97,4.22,3.56,3.22,4.82,5.4,5.86
738,2019-02-09,10.76,4.97,4.22,3.56,3.22,4.82,5.4,5.86
739,2019-02-10,10.76,4.97,4.22,3.56,3.22,4.82,5.4,5.86
740,2019-02-11,17.77,9.67,4.22,3.56,3.96,5.07,5.46,5.86
741,2019-02-12,-6.54,9.67,-0.46,3.56,2.03,4.58,5.15,5.86
742,2019-02-13,9.49,9.67,4.95,3.89,2.03,4.81,5.24,5.69
743,2019-02-14,9.49,4.3,3.79,3.33,2.03,4.7,5.24,5.63
744,2019-02-15,9.49,-7.94,-4.49,-0.78,0.86,4.7,4.84,5.43
745,2019-02-16,9.49,-7.94,-4.49,-0.78,0.86,4.7,4.84,5.43
746,2019-02-17,9.49,-7.94,-4.49,-0.78,0.86,4.7,4.84,5.43
747,2019-02-18,8.03,-7.94,-4.49,-0.78,3.06,4.67,5.14,5.43
748,2019-02-19,-5.85,-7.94,-0.2,-0.78,1.95,4.39,4.94,5.49
749,2019-02-20,0.16,-7.94,1.86,2.36,1.95,4.66,5.15,5.63
750,2019-02-21,0.16,10.22,7.55,5.14,1.95,4.92,5.15,5.68
751,2019-02-22,0.16,-1.87,-0.27,1.34,2.0,4.92,5.13,5.67
752,2019-02-23,0.16,-1.87,-0.27,1.34,2.0,4.92,5.13,5.67
753,2019-02-24,0.16,-1.87,-0.27,1.34,2.0,4.92,5.13,5.67
754,2019-02-25,1.0,1.87,-0.27,1.34,2.64,4.77,5.25,5.67
755,2019-02-26,10.3,1.87,5.19,1.34,3.42,4.94,5.36,5.79
756,2019-02-27,-8.82,1.87,-1.3,0.83,3.42,4.58,5.19,5.72
757,2019-02-28,-8.82,3.68,3.35,3.13,3.42,4.83,5.32,5.77
758,2019-03-01,-8.82,9.26,6.95,4.85,3.42,4.83,5.44,5.81
759,2019-03-02,-8.82,9.26,6.95,4.85,3.42,4.83,5.44,5.81
760,2019-03-03,-8.82,9.26,6.95,4.85,3.42,4.83,5.44,5.81
761,2019-03-04,-8.82,9.26,6.95,4.85,3.42,4.83,5.44,5.81
762,2019-03-05,-8.82,9.26,6.95,4.85,3.42,4.83,5.44,5.81
763,2019-03-06,-8.82,9.26,6.95,4.85,3.42,4.83,5.44,5.81
764,2019-03-07,-8.82,11.9,8.56,5.67,3.42,5.16,5.5,5.87
765,2019-03-08,-8.82,5.49,4.51,3.67,3.18,5.16,5.31,5.7
766,2019-03-09,-8.82,5.49,4.51,3.67,3.18,5.16,5.31,5.7
767,2019-03-10,-8.82,5.49,4.51,3.67,3.18,5.16,5.31,5.7
768,2019-03-11,-5.64,-1.8,4.51,3.67,1.97,5.16,5.05,5.7
769,2019-03-12,-7.85,-1.8,-1.17,3.67,1.79,4.52,5.05,5.51
770,2019-03-13,-7.85,5.56,4.55,3.73,1.79,4.81,5.24,5.65
771,2019-03-14,-7.85,5.56,4.55,3.73,1.79,4.81,5.24,5.65
772,2019-03-15,-7.85,-0.32,0.73,1.8,2.21,4.81,5.05,5.51
773,2019-03-16,-7.85,-0.32,0.73,1.8,2.21,4.81,5.05,5.51
774,2019-03-17,-7.85,-0.32,0.73,1.8,2.21,4.81,5.05,5.51
775,2019-03-18,-10.29,-4.42,0.73,1.8,1.44,4.32,4.91,5.51
776,2019-03-19,-7.38,-4.42,-1.11,1.8,1.68,4.31,4.86,5.51
777,2019-03-20,-7.38,-4.42,-1.29,0.77,1.68,4.3,4.84,5.37
778,2019-03-21,-7.38,3.42,3.19,3.06,1.68,4.65,5.04,5.48
779,2019-03-22,-7.38,18.65,3.19,7.79,5.34,4.65,5.72,5.95
780,2019-03-23,-7.38,18.65,3.19,7.79,5.34,4.65,5.72,5.95
781,2019-03-24,-7.38,18.65,3.19,7.79,5.34,4.65,5.72,5.95
782,2019-03-25,-3.34,-0.45,3.19,7.79,2.37,4.86,5.34,5.95
783,2019-03-26,-1.75,-0.45,1.17,7.79,2.48,4.94,5.42,5.89
784,2019-03-27,32.86,-0.45,12.24,7.51,2.48,5.72,5.93,6.15
785,2019-03-28,32.86,-2.5,-0.67,1.27,2.48,4.8,5.31,5.79
786,2019-03-29,32.86,-6.76,-3.54,-0.13,1.34,4.8,5.26,5.77
787,2019-03-30,32.86,-6.76,-3.54,-0.13,1.34,4.8,5.26,5.77
788,2019-03-31,32.86,-6.76,-3.54,-0.13,1.34,4.8,5.26,5.77
789,2019-04-01,32.86,-1.23,-3.54,-0.13,2.19,4.72,5.2,5.77
790,2019-04-02,-1.61,-1.23,1.38,-0.13,2.5,4.78,5.26,5.68
791,2019-04-03,3.9,-1.23,3.2,3.13,2.5,4.92,5.38,5.79
792,2019-04-04,3.9,4.1,3.68,3.37,2.5,4.89,5.38,5.73
793,2019-04-05,3.9,1.67,2.09,2.57,2.63,4.89,5.38,5.69
794,2019-04-06,3.9,1.67,2.09,2.57,2.63,4.89,5.38,5.69
795,2019-04-07,3.9,1.67,2.09,2.57,2.63,4.89,5.38,5.69
796,2019-04-08,-2.73,0.16,2.09,2.57,2.35,4.75,5.3,5.69
797,2019-04-09,-1.18,0.16,1.5,2.57,2.47,4.8,5.31,5.69
798,2019-04-10,-9.97,0.16,-1.57,0.68,2.47,4.55,5.15,5.59
799,2019-04-11,-9.97,6.8,5.39,4.09,2.47,4.95,5.39,5.77
800,2019-04-12,-9.97,9.67,7.23,4.93,3.72,4.95,5.42,5.75
801,2019-04-13,-9.97,9.67,7.23,4.93,3.72,4.95,5.42,5.75
802,2019-04-14,-9.97,9.67,7.23,4.93,3.72,4.95,5.42,5.75
803,2019-04-15,2.52,2.55,7.23,4.93,2.56,4.73,5.19,5.75
804,2019-04-16,10.69,2.55,5.18,4.93,2.56,4.88,5.3,5.71
805,2019-04-17,17.01,2.55,7.15,4.88,2.56,5.11,5.47,5.8
806,2019-04-18,17.01,1.87,2.14,2.45,2.56,4.8,5.3,5.73
807,2019-04-19,17.01,1.87,2.14,2.45,2.56,4.8,5.3,5.73
808,2019-04-20,17.01,1.87,2.14,2.45,2.56,4.8,5.3,5.73
809,2019-04-21,17.01,1.87,2.14,2.45,2.56,4.8,5.3,5.73
810,2019-04-22,1.37,1.99,2.14,2.45,2.48,4.79,5.3,5.73
811,2019-04-23,1.75,1.99,2.37,2.45,2.53,4.78,5.22,5.63
812,2019-04-24,17.85,1.99,7.66,5.19,2.53,5.16,5.47,5.78
813,2019-04-25,17.85,1.65,2.12,2.5,2.53,5.16,5.38,5.84
814,2019-04-26,17.85,-3.58,-1.28,0.83,1.77,5.16,5.31,5.79
815,2019-04-27,17.85,-3.58,-1.28,0.83,1.77,5.16,5.31,5.79
816,2019-04-28,17.85,-3.58,-1.28,0.83,1.77,5.16,5.31,5.79
817,2019-04-29,3.62,3.19,-1.28,0.83,2.9,4.99,5.43,5.79
818,2019-04-30,-1.02,3.19,1.3,0.83,2.42,4.77,5.34,5.79
819,2019-05-01,-1.02,3.19,1.3,0.83,2.42,4.77,5.34,5.79
820,2019-05-02,-1.02,5.95,4.91,3.92,2.42,4.97,5.44,5.81
821,2019-05-03,-1.02,-1.2,0.26,1.6,2.16,4.97,5.25,5.66
822,2019-05-04,-1.02,-1.2,0.26,1.6,2.16,4.97,5.25,5.66
823,2019-05-05,-1.02,-1.2,0.26,1.6,2.16,4.97,5.25,5.66
824,2019-05-06,7.49,5.21,0.26,1.6,3.22,4.98,5.39,5.66
825,2019-05-07,7.81,5.21,4.63,1.6,3.22,5.02,5.37,5.74
826,2019-05-08,-12.9,5.21,-2.88,-0.01,3.22,4.51,5.13,5.61
827,2019-05-09,-12.9,4.83,4.17,3.48,3.22,4.82,5.28,5.65
828,2019-05-10,-12.9,0.46,1.33,2.09,2.35,4.82,5.16,5.61
829,2019-05-11,-12.9,0.46,1.33,2.09,2.35,4.82,5.16,5.61
830,2019-05-12,-12.9,0.46,1.33,2.09,2.35,4.82,5.16,5.61
831,2019-05-13,8.83,5.95,1.33,2.09,3.34,4.89,5.31,5.61
832,2019-05-14,0.05,5.95,1.98,2.09,2.53,4.66,5.2,5.66
833,2019-05-15,5.63,5.95,3.96,3.4,2.53,4.79,5.34,5.72
834,2019-05-16,5.63,8.3,6.44,4.6,2.53,5.0,5.46,5.79
835,2019-05-17,5.63,17.66,12.31,7.41,5.02,5.0,5.79,6.02
836,2019-05-18,5.63,17.66,12.31,7.41,5.02,5.0,5.79,6.02
837,2019-05-19,5.63,17.66,12.31,7.41,5.02,5.0,5.79,6.02
838,2019-05-20,8.05,5.58,12.31,7.41,3.17,5.01,5.5,6.02
839,2019-05-21,8.05,5.58,-2.37,7.41,1.36,4.51,5.13,5.63
840,2019-05-22,-8.94,5.58,-1.17,0.77,1.36,4.55,5.13,5.66
841,2019-05-23,-8.94,7.17,5.67,4.21,1.36,4.98,5.48,5.81
842,2019-05-24,-8.94,-2.65,-0.74,1.01,1.79,4.98,5.36,5.74
843,2019-05-25,-8.94,-2.65,-0.74,1.01,1.79,4.98,5.36,5.74
844,2019-05-26,-8.94,-2.65,-0.74,1.01,1.79,4.98,5.36,5.74
845,2019-05-27,4.0,3.51,-0.74,1.01,2.83,4.88,5.47,5.74
846,2019-05-28,1.67,3.51,2.58,1.01,2.62,4.88,5.39,5.71
847,2019-05-29,-9.78,3.51,-1.34,0.78,2.62,4.57,5.22,5.6
848,2019-05-30,-9.78,-1.45,0.08,1.47,2.62,4.61,5.23,5.55
849,2019-05-31,-9.78,-4.48,-1.9,0.44,1.55,4.61,5.31,5.61
850,2019-06-01,-9.78,-4.48,-1.9,0.44,1.55,4.61,5.31,5.61
851,2019-06-02,-9.78,-4.48,-1.9,0.44,1.55,4.61,5.31,5.61
852,2019-06-03,-9.29,-3.11,-1.9,0.44,1.82,4.64,5.3,5.61
853,2019-06-04,-10.57,-3.11,-1.69,0.44,1.64,4.43,5.1,5.42
854,2019-06-05,5.96,-3.11,4.05,3.48,1.64,4.86,5.36,5.55
855,2019-06-06,5.96,5.65,4.75,3.78,1.64,4.67,5.19,5.45
856,2019-06-07,5.96,2.3,2.56,2.65,2.73,4.67,5.06,5.33
857,2019-06-08,5.96,2.3,2.56,2.65,2.73,4.67,5.06,5.33
858,2019-06-09,5.96,2.3,2.56,2.65,2.73,4.67,5.06,5.33
859,2019-06-10,9.12,6.0,2.56,2.65,3.33,4.56,5.12,5.33
860,2019-06-11,-6.62,6.0,-0.27,2.65,1.99,4.15,4.8,5.14
861,2019-06-12,-1.7,6.0,1.43,2.09,1.99,4.28,4.84,5.13
862,2019-06-13,-1.7,4.91,4.22,3.44,1.99,4.41,4.91,5.1
863,2019-06-14,9.62,6.18,4.22,3.44,1.99,4.51,5.05,5.1
864,2019-06-15,9.62,6.18,4.22,3.44,1.99,4.51,5.05,5.1
865,2019-06-16,9.62,6.18,4.22,3.44,1.99,4.51,5.05,5.1
866,2019-06-17,9.62,6.18,4.22,3.44,1.99,4.51,5.05,5.1
867,2019-06-18,-6.44,6.18,-0.24,3.44,1.97,4.24,4.9,5.2
868,2019-06-19,-2.32,6.18,1.28,2.07,1.97,4.35,4.88,5.1
869,2019-06-20,-2.32,6.18,1.28,2.07,1.97,4.35,4.88,5.1
870,2019-06-21,-2.32,-3.55,-1.3,0.67,1.69,4.35,4.66,4.91
871,2019-06-22,-2.32,-3.55,-1.3,0.67,1.69,4.35,4.66,4.91
872,2019-06-23,-2.32,-3.55,-1.3,0.67,1.69,4.35,4.66,4.91
873,2019-06-24,3.34,3.27,-1.3,0.67,2.96,4.34,4.86,4.91
874,2019-06-25,10.2,3.27,5.6,0.67,3.72,4.58,4.97,5.14
875,2019-06-26,9.8,3.27,5.53,4.23,3.72,4.58,4.85,4.98
876,2019-06-27,9.8,1.76,2.31,2.69,3.72,4.4,4.84,5.03
877,2019-06-28,9.8,-1.06,0.47,2.69,2.47,4.4,4.68,4.94
878,2019-06-29,9.8,-1.06,0.47,2.69,2.47,4.4,4.68,4.94
879,2019-06-30,9.8,-1.06,0.47,2.69,2.47,4.4,4.68,4.94
880,2019-07-01,4.12,3.95,0.47,2.69,3.24,4.24,4.55,4.94
881,2019-07-02,11.33,3.95,6.09,2.69,3.74,4.34,4.53,4.67
882,2019-07-03,-4.3,3.95,0.68,1.71,3.74,3.97,4.33,4.58
883,2019-07-04,-4.3,-5.45,-2.55,-0.02,3.74,3.72,4.21,4.6
884,2019-07-05,-4.3,6.88,5.58,-0.02,3.43,3.72,4.46,4.69
885,2019-07-06,-4.3,6.88,5.58,-0.02,3.43,3.72,4.46,4.69
886,2019-07-07,-4.3,6.88,5.58,-0.02,3.43,3.72,4.46,4.69
887,2019-07-08,-1.84,0.62,5.58,-0.02,2.38,3.9,4.34,4.69
888,2019-07-09,-1.84,0.62,5.58,-0.02,2.38,3.9,4.34,4.69
889,2019-07-10,-5.84,0.62,-0.08,1.24,2.38,3.81,4.3,4.59
890,2019-07-11,-5.84,0.34,1.28,1.94,2.38,3.8,4.27,4.5
891,2019-07-12,-5.84,1.23,1.89,2.29,2.62,3.8,4.43,4.69
892,2019-07-13,-5.84,1.23,1.89,2.29,2.62,3.8,4.43,4.69
893,2019-07-14,-5.84,1.23,1.89,2.29,2.62,3.8,4.43,4.69
894,2019-07-15,6.51,4.86,1.89,2.29,3.28,4.13,4.53,4.69
895,2019-07-16,8.69,4.86,5.05,2.29,3.42,4.2,4.6,4.78
896,2019-07-17,2.2,4.86,2.81,2.76,3.42,4.13,4.57,4.76
897,2019-07-18,2.2,-2.15,-0.38,1.12,3.42,4.02,4.52,4.77
898,2019-07-19,2.2,2.53,2.7,2.67,2.81,4.02,4.63,4.8
899,2019-07-20,2.2,2.53,2.7,2.67,2.81,4.02,4.63,4.8
900,2019-07-21,2.2,2.53,2.7,2.67,2.81,4.02,4.63,4.8
901,2019-07-22,0.86,1.96,2.7,2.67,2.71,4.16,4.63,4.8
902,2019-07-23,12.81,1.96,6.3,2.67,3.71,4.34,4.66,4.75
903,2019-07-24,4.58,1.96,3.59,3.13,3.71,4.24,4.62,4.77
904,2019-07-25,4.58,6.5,5.3,3.99,3.71,4.42,4.76,4.83
905,2019-07-26,4.58,0.35,1.28,1.92,2.44,4.42,4.64,4.85
906,2019-07-27,4.58,0.35,1.28,1.92,2.44,4.42,4.64,4.85
907,2019-07-28,4.58,0.35,1.28,1.92,2.44,4.42,4.64,4.85
908,2019-07-29,5.72,4.37,1.28,1.92,2.97,4.25,4.7,4.85
909,2019-07-30,2.0,4.37,2.56,1.92,2.55,4.14,4.63,4.77
910,2019-07-31,6.97,4.37,4.47,3.45,2.55,4.3,4.7,4.84
911,2019-08-01,6.97,16.29,11.43,6.91,2.55,4.76,4.97,4.98
912,2019-08-02,6.97,11.94,8.66,5.55,4.13,4.76,4.91,4.94
913,2019-08-03,6.97,11.94,8.66,5.55,4.13,4.76,4.91,4.94
914,2019-08-04,6.97,11.94,8.66,5.55,4.13,4.76,4.91,4.94
915,2019-08-05,31.74,16.38,8.66,5.55,5.15,5.1,5.26,4.94
916,2019-08-06,9.29,16.38,4.9,5.55,3.32,4.62,5.01,4.94
917,2019-08-07,7.06,16.38,4.15,3.36,3.32,4.57,4.93,4.94
918,2019-08-08,7.06,-6.05,-3.15,-0.41,3.32,4.14,4.68,4.87
919,2019-08-09,7.06,3.11,2.9,2.7,2.84,4.14,4.85,4.94
920,2019-08-10,7.06,3.11,2.9,2.7,2.84,4.14,4.85,4.94
921,2019-08-11,7.06,3.11,2.9,2.7,2.84,4.14,4.85,4.94
922,2019-08-12,17.24,9.7,2.9,2.7,4.0,4.78,5.05,4.94
923,2019-08-13,-7.51,9.7,-1.1,2.7,1.7,4.23,4.76,4.94
924,2019-08-14,23.62,9.7,9.26,5.81,1.7,4.91,5.18,5.16
925,2019-08-15,23.62,0.45,1.18,1.84,1.7,4.59,5.07,5.13
926,2019-08-16,23.62,-0.26,0.7,1.59,2.3,4.59,5.04,5.1
927,2019-08-17,23.62,-0.26,0.7,1.59,2.3,4.59,5.04,5.1
928,2019-08-18,23.62,-0.26,0.7,1.59,2.3,4.59,5.04,5.1
929,2019-08-19,26.22,13.81,0.7,1.59,4.71,5.01,5.28,5.1
930,2019-08-20,6.72,13.81,4.03,1.59,3.16,4.71,5.16,5.15
931,2019-08-21,-2.1,13.81,0.88,1.64,3.16,4.42,4.95,5.03
932,2019-08-22,-2.1,9.2,6.91,4.62,3.16,4.67,5.0,5.06
933,2019-08-23,-2.1,13.68,9.8,6.06,4.49,4.67,5.16,5.07
934,2019-08-24,-2.1,13.68,9.8,6.06,4.49,4.67,5.16,5.07
935,2019-08-25,-2.1,13.68,9.8,6.06,4.49,4.67,5.16,5.07
936,2019-08-26,22.41,12.03,9.8,6.06,4.34,4.96,5.22,5.07
937,2019-08-27,4.97,12.03,3.47,6.06,3.12,4.87,5.22,5.28
938,2019-08-28,3.58,12.03,3.02,6.06,3.12,4.97,5.35,5.41
939,2019-08-29,3.58,2.94,2.88,6.06,3.12,4.9,5.28,5.35
940,2019-08-30,3.58,-3.68,-1.62,0.39,1.74,4.9,5.12,5.28
941,2019-08-31,3.58,-3.68,-1.62,0.39,1.74,4.9,5.12,5.28
942,2019-09-01,3.58,-3.68,-1.62,0.39,1.74,4.9,5.12,5.28
943,2019-09-02,14.57,8.4,-1.62,0.39,3.89,5.08,5.38,5.28
944,2019-09-03,8.53,8.4,4.63,0.39,3.4,4.95,5.29,5.33
945,2019-09-04,-14.4,8.4,-3.74,-0.73,3.4,4.43,4.97,5.12
946,2019-09-05,-14.4,-1.72,-0.36,1.01,3.4,4.54,5.02,5.11
947,2019-09-06,-14.4,0.61,1.19,1.79,2.37,4.54,5.06,5.15
948,2019-09-07,-14.4,0.61,1.19,1.79,2.37,4.54,5.06,5.15
949,2019-09-08,-14.4,0.61,1.19,1.79,2.37,4.54,5.06,5.15
950,2019-09-09,12.13,7.1,1.19,1.79,3.48,4.72,5.1,5.15
951,2019-09-10,8.03,7.1,4.24,1.79,3.09,4.57,4.99,5.1
952,2019-09-11,-9.25,7.1,-1.93,0.16,3.09,4.26,4.82,5.01
953,2019-09-12,-9.25,1.4,1.64,1.98,3.09,4.34,4.82,4.95
954,2019-09-13,-9.25,7.55,5.68,4.02,3.09,4.34,4.94,5.06
955,2019-09-14,-9.25,7.55,5.68,4.02,3.09,4.34,4.94,5.06
956,2019-09-15,-9.25,7.55,5.68,4.02,3.09,4.34,4.94,5.06
957,2019-09-16,10.7,7.55,5.68,4.02,3.15,4.51,4.88,5.06
958,2019-09-17,0.03,7.55,1.3,4.02,2.15,4.18,4.65,4.79
959,2019-09-18,2.14,7.55,2.04,2.08,2.15,4.18,4.62,4.77
960,2019-09-19,2.14,10.42,7.29,4.65,2.15,4.42,4.73,4.79
961,2019-09-20,2.14,5.04,3.86,2.95,2.61,4.42,4.54,4.62
962,2019-09-21,2.14,5.04,3.86,2.95,2.61,4.42,4.54,4.62
963,2019-09-22,2.14,5.04,3.86,2.95,2.61,4.42,4.54,4.62
964,2019-09-23,2.75,2.37,3.86,2.95,2.26,4.14,4.54,4.62
965,2019-09-24,0.89,2.37,1.5,2.95,2.1,4.14,4.54,4.75
966,2019-09-25,-2.05,2.37,0.45,1.24,2.1,3.96,4.36,4.6
967,2019-09-26,-2.05,-0.92,0.45,1.01,2.1,3.93,4.41,4.6
968,2019-09-27,-2.05,3.6,2.96,2.53,2.51,3.93,4.41,4.57
969,2019-09-28,-2.05,3.6,2.96,2.53,2.51,3.93,4.41,4.57
970,2019-09-29,-2.05,3.6,2.96,2.53,2.51,3.93,4.41,4.57
971,2019-09-30,0.05,0.85,2.96,2.53,2.07,4.01,4.39,4.57
972,2019-10-01,1.44,0.85,1.73,2.53,2.23,4.0,4.26,4.44
973,2019-10-02,-6.14,0.85,-1.01,0.53,2.23,3.92,4.23,4.44
974,2019-10-03,-6.14,-8.14,-1.01,-1.47,2.23,3.71,4.14,4.41
975,2019-10-04,-6.14,-3.48,-1.81,0.15,1.3,3.71,4.19,4.44
976,2019-10-05,-6.14,-3.48,-1.81,0.15,1.3,3.71,4.19,4.44
977,2019-10-06,-6.14,-3.48,-1.81,0.15,1.3,3.71,4.19,4.44
978,2019-10-07,12.98,7.47,-1.81,0.15,3.12,4.2,4.4,4.44
979,2019-10-08,6.76,7.47,3.57,0.15,2.54,4.1,4.39,4.54
980,2019-10-09,4.73,7.47,2.78,2.28,2.54,3.94,4.25,4.41
981,2019-10-10,4.73,7.13,5.28,3.49,2.54,3.99,4.28,4.43
982,2019-10-11,4.73,-0.98,-0.18,0.73,1.33,3.99,3.84,4.11
983,2019-10-12,4.73,-0.98,-0.18,0.73,1.33,3.99,3.84,4.11
984,2019-10-13,4.73,-0.98,-0.18,0.73,1.33,3.99,3.84,4.11
985,2019-10-14,9.78,5.79,-0.18,0.73,2.48,3.6,3.9,4.11
986,2019-10-15,12.12,5.79,5.32,0.73,2.72,3.67,3.95,4.09
987,2019-10-16,12.12,5.79,3.11,2.34,2.72,3.42,3.82,3.97
988,2019-10-17,12.12,0.7,0.96,1.24,2.72,3.23,3.64,3.87
989,2019-10-18,12.12,-2.81,-1.4,0.06,2.72,3.23,3.61,3.84
990,2019-10-19,12.12,-2.81,-1.4,0.06,2.72,3.23,3.61,3.84
991,2019-10-20,12.12,-2.81,-1.4,0.06,2.72,3.23,3.61,3.84
992,2019-10-21,1.9,1.8,-1.4,0.06,1.81,3.32,3.7,3.84
993,2019-10-22,-13.74,1.8,-3.89,0.06,0.49,3.18,3.67,3.95
994,2019-10-23,-12.38,1.8,-3.34,-0.83,0.49,3.19,3.6,3.89
995,2019-10-24,-12.38,-3.73,-1.97,-0.83,0.49,3.28,3.71,3.99
996,2019-10-25,-12.38,1.4,1.51,1.59,1.75,3.28,3.72,3.92
997,2019-10-26,-12.38,1.4,1.51,1.59,1.75,3.28,3.72,3.92
998,2019-10-27,-12.38,1.4,1.51,1.59,1.75,3.28,3.72,3.92
999,2019-10-28,8.7,1.4,4.21,1.59,2.44,3.5,3.76,3.94
1000,2019-10-29,8.7,1.4,4.21,1.59,2.44,3.5,3.76,3.94
1001,2019-10-30,6.48,1.4,3.41,2.53,2.44,3.38,3.76,3.82
1002,2019-10-31,6.48,2.45,2.27,2.06,2.44,3.37,3.67,3.89
1003,2019-11-01,6.48,0.27,0.83,1.31,1.68,3.37,3.57,3.79
1004,2019-11-02,6.48,0.27,0.83,1.31,1.68,3.37,3.57,3.79
1005,2019-11-03,6.48,0.27,0.83,1.31,1.68,3.37,3.57,3.79
1006,2019-11-04,11.82,6.82,0.83,1.31,2.72,3.41,3.6,3.79
1007,2019-11-05,0.49,6.82,1.37,1.31,1.79,3.22,3.49,3.74
1008,2019-11-06,27.39,6.82,9.89,5.76,1.79,3.73,3.81,3.95
1009,2019-11-07,27.39,10.62,7.26,4.43,1.79,3.61,3.79,3.96
1010,2019-11-08,27.39,10.85,7.38,4.44,1.79,3.61,3.79,3.96
1011,2019-11-09,27.39,10.85,7.38,4.44,1.79,3.61,3.79,3.96
1012,2019-11-10,27.39,10.85,7.38,4.44,1.79,3.61,3.79,3.96
1013,2019-11-11,2.74,2.22,7.38,4.44,1.71,3.35,3.69,3.96
1014,2019-11-12,4.48,2.22,2.55,4.44,1.91,3.53,3.83,4.07
1015,2019-11-13,4.57,2.22,2.58,2.01,1.91,3.56,3.84,4.07
1016,2019-11-14,4.57,3.76,2.93,2.2,1.91,3.66,3.89,4.11
1017,2019-11-15,4.57,3.76,2.93,2.2,1.91,3.66,3.89,4.11
1018,2019-11-16,4.57,3.76,2.93,2.2,1.91,3.66,3.89,4.11
1019,2019-11-17,4.57,3.76,2.93,2.2,1.91,3.66,3.89,4.11
1020,2019-11-18,5.69,3.72,2.93,2.2,2.23,3.67,3.85,4.11
1021,2019-11-19,6.21,3.72,3.21,2.2,2.3,3.69,3.9,4.08
1022,2019-11-20,6.21,3.72,3.21,2.2,2.3,3.69,3.9,4.08
1023,2019-11-21,6.21,-0.07,0.49,1.02,1.62,3.69,3.89,4.08
1024,2019-11-22,6.21,-0.07,0.49,1.02,1.62,3.69,3.89,4.08
1025,2019-11-23,6.21,-0.07,0.49,1.02,1.62,3.69,3.89,4.08
1026,2019-11-24,6.21,-0.07,0.49,1.02,1.62,3.69,3.89,4.08
1027,2019-11-25,6.21,5.86,0.49,1.02,2.6,3.89,4.04,4.08
1028,2019-11-26,13.68,5.86,0.49,1.02,2.91,4.03,4.16,4.31
1029,2019-11-27,1.18,5.86,0.49,1.53,2.91,3.82,4.06,4.3
1030,2019-11-28,1.18,-4.52,-2.55,-0.49,2.91,3.55,3.95,4.21
1031,2019-11-29,1.18,-1.18,-0.32,0.71,1.43,3.55,3.98,4.22
1032,2019-11-30,1.18,-1.18,-0.32,0.71,1.43,3.55,3.98,4.22
1033,2019-12-01,1.18,-1.18,-0.32,0.71,1.43,3.55,3.98,4.22
1034,2019-12-02,1.18,0.48,-0.32,0.71,1.74,3.73,4.0,4.22
1035,2019-12-03,-4.58,0.48,-0.53,0.71,1.41,3.69,3.94,4.23
1036,2019-12-04,0.17,0.48,1.08,1.39,1.41,3.65,3.94,4.16
1037,2019-12-05,0.17,0.26,0.66,1.21,1.41,3.64,3.97,4.19
1038,2019-12-06,0.17,-7.86,-4.87,-1.59,0.29,3.64,3.8,4.1
1039,2019-12-07,0.17,-7.86,-4.87,-1.59,0.29,3.64,3.8,4.1
1040,2019-12-08,0.17,-7.86,-4.87,-1.59,0.29,3.64,3.8,4.1
1041,2019-12-09,-10.73,-4.54,-4.87,-1.59,0.88,3.42,3.84,4.1
1042,2019-12-10,-0.63,-4.54,0.8,-1.59,1.79,3.69,4.02,4.22
1043,2019-12-11,-2.56,-4.54,0.13,0.98,1.79,3.68,3.99,4.19
1044,2019-12-12,-2.56,-1.25,-0.35,0.71,1.79,3.68,3.91,4.18
1045,2019-12-13,-2.56,1.58,1.58,1.69,1.96,3.68,4.03,4.21
1046,2019-12-14,-2.56,1.58,1.58,1.69,1.96,3.68,4.03,4.21
1047,2019-12-15,-2.56,1.58,1.58,1.69,1.96,3.68,4.03,4.21
1048,2019-12-16,-10.15,-4.31,1.58,1.69,0.93,3.62,4.01,4.21
1049,2019-12-17,-3.62,-4.31,-0.25,1.69,1.59,3.86,4.19,4.39
1050,2019-12-18,-0.74,-4.31,0.79,1.26,1.59,3.83,4.17,4.37
1051,2019-12-19,-0.74,1.96,1.9,1.84,1.59,4.04,4.3,4.51
1052,2019-12-20,-0.74,5.92,4.52,3.15,2.77,4.04,4.29,4.42
1053,2019-12-21,-0.74,5.92,4.52,3.15,2.77,4.04,4.29,4.42
1054,2019-12-22,-0.74,5.92,4.52,3.15,2.77,4.04,4.29,4.42
1055,2019-12-23,1.01,1.28,4.52,3.15,2.05,3.9,4.16,4.42
1056,2019-12-24,1.01,1.28,4.52,3.15,2.05,3.9,4.16,4.42
1057,2019-12-25,1.01,1.28,4.52,3.15,2.05,3.9,4.16,4.42
1058,2019-12-26,1.01,1.28,-0.59,0.61,2.05,3.75,4.03,4.24
1059,2019-12-27,1.01,1.28,-0.02,0.88,1.63,3.75,4.06,4.79
1060,2019-12-28,1.01,1.28,-0.02,0.88,1.63,3.75,4.06,4.79
1061,2019-12-29,1.01,1.28,-0.02,0.88,1.63,3.75,4.06,4.79
1062,2019-12-30,-8.77,-4.12,-0.02,0.88,1.04,3.56,3.82,4.79
1063,2019-12-31,-8.77,-4.12,-0.02,0.88,1.04,3.56,3.82,4.79
1064,2020-01-01,-8.77,-4.12,-0.02,0.88,1.04,3.56,3.82,4.79
1065,2020-01-02,-8.77,1.13,1.37,1.52,1.04,3.7,3.91,4.63
1066,2020-01-03,-8.77,5.95,4.44,3.09,2.67,3.7,4.06,4.69
1067,2020-01-04,-8.77,5.95,4.44,3.09,2.67,3.7,4.06,4.69
1068,2020-01-05,-8.77,5.95,4.44,3.09,2.67,3.7,4.06,4.69
1069,2020-01-06,2.51,2.07,4.44,3.09,2.11,3.88,4.07,4.69
1070,2020-01-07,3.33,2.07,2.27,3.09,2.11,3.91,4.14,4.87
1071,2020-01-08,-8.91,2.07,-2.26,-0.3,2.11,3.58,3.98,4.89
1072,2020-01-09,-8.91,4.59,3.5,2.61,2.11,3.91,4.12,4.88
1073,2020-01-10,-8.91,2.54,2.18,1.99,2.1,3.91,4.13,4.95
1074,2020-01-11,-8.91,2.54,2.18,1.99,2.1,3.91,4.13,4.95
1075,2020-01-12,-8.91,2.54,2.18,1.99,2.1,3.91,4.13,4.95
1076,2020-01-13,22.21,11.88,2.18,1.99,3.64,4.18,4.32,4.95
1077,2020-01-14,2.41,11.88,1.81,1.99,1.98,3.82,4.14,5.0
1078,2020-01-15,10.8,11.88,4.74,3.22,1.98,3.88,4.15,4.95
1079,2020-01-16,10.8,6.91,5.0,3.37,1.98,3.94,4.21,4.98
1080,2020-01-17,10.8,0.75,1.0,1.37,1.71,3.94,4.08,4.92
1081,2020-01-18,10.8,0.75,1.0,1.37,1.71,3.94,4.08,4.92
1082,2020-01-19,10.8,0.75,1.0,1.37,1.71,3.94,4.08,4.92
1083,2020-01-20,3.56,2.63,1.0,1.37,2.04,3.87,4.24,4.92
1084,2020-01-21,5.61,2.63,3.01,1.37,2.2,3.87,4.21,5.02
1085,2020-01-22,-2.92,2.63,3.01,0.87,2.2,3.77,4.19,5.0
1086,2020-01-23,-2.92,-1.94,-0.83,0.55,2.2,3.77,4.17,5.01
1087,2020-01-24,-2.92,4.75,3.65,2.75,2.41,3.77,4.36,5.06
1088,2020-01-25,-2.92,4.75,3.65,2.75,2.41,3.77,4.36,5.06
1089,2020-01-26,-2.92,4.75,3.65,2.75,2.41,3.77,4.36,5.06
1090,2020-01-27,11.08,6.14,3.65,2.75,2.63,4.04,4.37,5.06
1091,2020-01-28,-4.15,6.14,-0.31,2.75,1.45,4.04,4.16,4.92
1092,2020-01-29,5.87,6.14,3.05,2.46,1.45,3.88,4.27,4.94
1093,2020-01-30,5.87,11.72,8.22,4.92,1.45,4.16,4.41,4.97
1094,2020-01-31,5.87,6.6,4.87,3.31,2.73,4.16,4.37,4.97
1095,2020-02-01,5.87,6.6,4.87,3.31,2.73,4.16,4.37,4.97
1096,2020-02-02,5.87,6.6,4.87,3.31,2.73,4.16,4.37,4.97
1097,2020-02-03,-4.16,-1.04,4.87,3.31,1.41,3.74,4.16,4.97
1098,2020-02-04,2.42,-1.04,1.89,3.31,1.91,3.76,4.14,4.79
1099,2020-02-05,6.59,-1.04,3.25,2.42,1.91,3.75,4.06,4.71
1100,2020-02-06,6.59,6.58,4.87,3.21,1.91,3.9,4.15,4.74
1101,2020-02-07,6.59,12.66,8.89,5.07,3.61,3.9,4.35,4.89
1102,2020-02-08,6.59,12.66,8.89,5.07,3.61,3.9,4.35,4.89
1103,2020-02-09,6.59,12.66,8.89,5.07,3.61,3.9,4.35,4.89
1104,2020-02-10,7.1,12.66,8.89,5.07,2.31,3.8,4.11,4.89
1105,2020-02-11,7.35,12.66,3.47,5.07,2.25,3.69,3.99,4.62
1106,2020-02-12,10.94,12.66,4.6,3.01,2.25,3.67,3.96,4.62
1107,2020-02-13,10.94,2.53,2.12,1.79,2.25,3.57,3.91,4.55
1108,2020-02-14,10.94,-3.55,-1.92,-0.13,0.91,3.57,3.79,4.51
1109,2020-02-15,10.94,-3.55,-1.92,-0.13,0.91,3.57,3.79,4.51
1110,2020-02-16,10.94,-3.55,-1.92,-0.13,0.91,3.57,3.79,4.51
1111,2020-02-17,5.82,3.59,-1.92,-0.13,2.1,3.59,3.97,4.51
1112,2020-02-18,15.21,3.59,5.9,-0.13,2.83,3.86,4.16,4.73
1113,2020-02-19,8.11,3.59,3.65,2.61,2.83,3.65,4.05,4.71
1114,2020-02-20,8.11,4.75,3.66,2.66,2.83,3.76,4.17,4.8
1115,2020-02-21,8.11,4.75,1.87,1.82,2.83,3.76,4.26,4.9
1116,2020-02-22,8.11,4.75,1.87,1.82,2.83,3.76,4.26,4.9
1117,2020-02-23,8.11,4.75,1.87,1.82,2.83,3.76,4.26,4.9
1118,2020-02-24,8.11,4.75,1.87,1.82,2.83,3.76,4.26,4.9
1119,2020-02-25,8.11,4.75,1.87,1.82,2.83,3.76,4.26,4.9
1120,2020-02-26,8.11,4.75,1.87,1.82,2.83,3.76,4.26,4.9
1121,2020-02-27,8.11,7.34,5.42,3.63,2.83,4.19,4.66,5.18
1122,2020-02-28,8.11,5.74,4.41,3.14,2.64,4.19,4.75,5.29
1123,2020-02-29,8.11,5.74,4.41,3.14,2.64,4.19,4.75,5.29
1124,2020-03-01,8.11,5.74,4.41,3.14,2.64,4.19,4.75,5.29
1125,2020-03-02,-2.64,5.74,4.41,3.14,1.65,3.9,4.57,5.29
1126,2020-03-03,5.42,5.74,3.22,3.14,2.43,4.08,4.68,5.21
1127,2020-03-04,25.76,5.74,9.98,5.92,2.43,4.35,4.8,5.25
1128,2020-03-05,25.76,19.6,12.93,7.29,2.43,4.7,5.06,5.45
1129,2020-03-06,25.76,3.36,2.89,2.47,2.38,4.7,4.92,5.43
1130,2020-03-07,25.76,3.36,2.89,2.47,2.38,4.7,4.92,5.43
1131,2020-03-08,25.76,3.36,2.89,2.47,2.38,4.7,4.92,5.43
1132,2020-03-09,28.48,15.53,2.89,2.47,4.53,5.08,5.62,5.43
1133,2020-03-10,-18.03,15.53,-5.55,2.47,0.38,4.0,5.01,5.76
1134,2020-03-11,-18.03,15.53,9.17,2.47,0.38,5.42,6.04,6.53
1135,2020-03-12,-18.03,22.45,14.78,8.52,0.38,6.85,7.29,7.69
1136,2020-03-13,-18.03,-3.95,14.78,0.19,1.47,6.85,5.86,6.56
1137,2020-03-14,-18.03,-3.95,14.78,0.19,1.47,6.85,5.86,6.56
1138,2020-03-15,-18.03,-3.95,14.78,0.19,1.47,6.85,5.86,6.56
1139,2020-03-16,100.34,43.74,14.78,0.19,7.87,6.18,6.39,6.56
1140,2020-03-17,11.95,43.74,4.83,0.19,2.36,4.61,5.44,6.05
1141,2020-03-18,51.26,43.74,16.46,8.39,2.36,6.51,6.75,6.05
1142,2020-03-19,51.26,0.07,0.55,0.86,2.36,6.13,6.74,7.29
1143,2020-03-20,51.26,-13.78,-8.73,-3.66,-0.23,6.13,7.03,7.71
1144,2020-03-21,51.26,-13.78,-8.73,-3.66,-0.23,6.13,7.03,7.71
1145,2020-03-22,51.26,-13.78,-8.73,-3.66,-0.23,6.13,7.03,7.71
1146,2020-03-23,32.29,15.44,-8.73,-3.66,4.72,7.8,8.19,7.71
1147,2020-03-24,3.05,15.44,2.01,-3.66,2.58,6.98,7.73,8.14
1148,2020-03-25,-16.23,15.44,-4.73,-1.34,2.58,5.66,6.63,7.21
1149,2020-03-26,-16.23,-7.15,-4.2,-1.05,2.58,5.08,5.82,6.42
1150,2020-03-27,-16.23,10.74,7.49,4.72,3.69,5.08,6.0,6.43
1151,2020-03-28,-16.23,10.74,7.49,4.72,3.69,5.08,6.0,6.43
1152,2020-03-29,-16.23,10.74,7.49,4.72,3.69,5.08,6.0,6.43
1153,2020-03-30,20.57,10.64,7.49,4.72,3.59,5.08,5.93,6.43
1154,2020-03-31,10.92,10.64,4.76,4.72,2.68,5.12,5.72,6.27
1155,2020-04-01,10.92,10.64,6.67,4.27,2.68,5.46,5.94,6.4
1156,2020-04-02,10.92,5.94,4.42,3.1,2.68,5.29,5.96,6.49
1157,2020-04-03,10.92,8.25,5.81,3.6,2.42,5.29,6.09,6.67
1158,2020-04-04,10.92,8.25,5.81,3.6,2.42,5.29,6.09,6.67
1159,2020-04-05,10.92,8.25,5.81,3.6,2.42,5.29,6.09,6.67
1160,2020-04-06,-1.34,0.36,5.81,3.6,1.05,4.7,5.53,6.67
1161,2020-04-07,-4.68,0.36,-0.53,3.6,1.05,4.35,5.22,6.02
1162,2020-04-08,-14.77,0.36,-4.05,-1.48,1.05,4.07,5.01,6.02
1163,2020-04-09,-14.77,-11.98,-7.54,-3.14,1.05,3.94,4.96,5.83
1164,2020-04-10,-14.77,-11.98,-7.54,-3.14,1.05,3.94,4.96,5.83
1165,2020-04-11,-14.77,-11.98,-7.54,-3.14,1.05,3.94,4.96,5.83
1166,2020-04-12,-14.77,-11.98,-7.54,-3.14,1.05,3.94,4.96,5.83
1167,2020-04-13,28.88,14.06,-7.54,-3.14,3.11,4.78,5.41,5.83
1168,2020-04-14,1.1,14.06,1.38,-3.14,1.22,4.34,5.2,5.88
1169,2020-04-15,16.76,14.06,6.35,-3.14,1.22,4.57,5.26,5.85
1170,2020-04-16,16.76,2.11,1.86,1.56,1.22,4.09,4.9,5.61
1171,2020-04-17,16.76,3.19,2.54,1.88,1.45,4.09,4.89,5.56
1172,2020-04-18,16.76,3.19,2.54,1.88,1.45,4.09,4.89,5.56
1173,2020-04-19,16.76,3.19,2.54,1.88,1.45,4.09,4.89,5.56
1174,2020-04-20,15.68,8.17,2.54,1.88,2.01,3.97,4.81,5.56
1175,2020-04-21,15.68,8.17,2.54,1.88,2.01,3.97,4.81,5.56
1176,2020-04-22,31.43,8.17,10.57,5.54,2.01,4.05,4.9,5.49
1177,2020-04-23,31.43,14.81,9.76,5.18,2.01,4.36,4.9,5.77
1178,2020-04-24,31.43,33.39,21.02,10.69,5.77,4.36,4.9,7.24
1179,2020-04-25,31.43,33.39,21.02,10.69,5.77,4.36,4.9,7.24
1180,2020-04-26,31.43,33.39,21.02,10.69,5.77,4.36,4.9,7.24
1181,2020-04-27,14.06,7.81,21.02,10.69,2.48,5.68,6.44,7.24
1182,2020-04-28,-22.21,7.81,-7.17,10.69,-1.1,4.19,5.45,6.37
1183,2020-04-29,-33.37,7.81,-11.94,-5.64,-1.1,3.79,5.3,6.25
1184,2020-04-30,-33.37,4.16,3.2,2.14,-1.1,4.69,5.74,6.37
1185,2020-05-01,-33.37,4.16,3.2,2.14,-1.1,4.69,5.74,6.37
1186,2020-05-02,-33.37,4.16,3.2,2.14,-1.1,4.69,5.74,6.37
1187,2020-05-03,-33.37,4.16,3.2,2.14,-1.1,4.69,5.74,6.37
1188,2020-05-04,30.24,15.45,3.2,2.14,3.51,5.31,6.12,6.37
1189,2020-05-05,1.05,15.45,1.47,2.14,1.24,4.81,5.99,6.58
1190,2020-05-06,37.22,15.45,12.79,2.14,1.24,5.22,6.16,6.56
1191,2020-05-07,37.22,21.62,14.0,7.22,1.24,5.37,6.46,6.85
1192,2020-05-08,37.22,-7.38,-4.56,-2.03,-0.71,5.37,5.85,6.62
1193,2020-05-09,37.22,-7.38,-4.56,-2.03,-0.71,5.37,5.85,6.62
1194,2020-05-10,37.22,-7.38,-4.56,-2.03,-0.71,5.37,5.85,6.62
1195,2020-05-11,15.12,8.15,-4.56,-2.03,1.99,4.83,6.26,6.62
1196,2020-05-12,15.12,8.15,7.33,-2.03,2.47,5.15,6.61,7.12
1197,2020-05-13,39.99,8.15,12.63,6.58,2.47,5.49,6.79,7.18
1198,2020-05-14,39.99,1.9,1.54,1.08,2.47,5.49,6.43,7.01
1199,2020-05-15,39.99,-8.21,-5.11,-2.3,-0.72,5.49,6.28,6.94
1200,2020-05-16,39.99,-8.21,-5.11,-2.3,-0.72,5.49,6.28,6.94
1201,2020-05-17,39.99,-8.21,-5.11,-2.3,-0.72,5.49,6.28,6.94
1202,2020-05-18,-17.77,-8.59,-5.11,-2.3,-0.84,4.39,6.05,6.94
1203,2020-05-19,-0.72,-8.59,0.45,-2.3,0.69,4.58,6.11,6.71
1204,2020-05-20,-6.1,-8.59,-1.39,-0.35,0.69,4.5,5.97,6.61
1205,2020-05-21,-6.1,-11.99,-7.67,-3.63,0.69,3.93,5.52,6.3
1206,2020-05-22,-6.1,-0.96,-0.29,0.22,0.58,3.93,5.69,6.35
1207,2020-05-23,-6.1,-0.96,-0.29,0.22,0.58,3.93,5.69,6.35
1208,2020-05-24,-6.1,-0.96,-0.29,0.22,0.58,3.93,5.69,6.35
1209,2020-05-25,-21.85,-10.82,-0.29,0.22,-1.29,3.66,5.09,6.35
1210,2020-05-26,-24.09,-10.82,-8.15,0.22,-1.51,3.56,5.01,5.83
1211,2020-05-27,-16.72,-10.82,-5.19,-2.26,-1.51,3.56,5.06,5.79
1212,2020-05-28,-16.72,7.67,5.33,3.05,-1.51,4.32,5.34,5.89
1213,2020-05-29,-16.72,5.76,4.05,2.39,1.57,4.32,5.23,5.84
1214,2020-05-30,-16.72,5.76,4.05,2.39,1.57,4.32,5.23,5.84
1215,2020-05-31,-16.72,5.76,4.05,2.39,1.57,4.32,5.23,5.84
1216,2020-06-01,-4.59,-1.75,4.05,2.39,0.31,3.95,5.13,5.84
1217,2020-06-02,-26.52,-1.75,-9.16,2.39,-1.81,3.45,4.91,5.7
1218,2020-06-03,-32.01,-1.75,-11.46,-5.64,-1.81,3.22,4.7,5.53
1219,2020-06-04,-32.01,8.43,5.77,3.26,-1.81,4.25,5.26,5.77
1220,2020-06-05,-32.01,-14.1,-9.12,-4.41,-1.82,4.25,4.88,5.72
1221,2020-06-06,-32.01,-14.1,-9.12,-4.41,-1.82,4.25,4.88,5.72
1222,2020-06-07,-32.01,-14.1,-9.12,-4.41,-1.82,4.25,4.88,5.72
1223,2020-06-08,-19.99,-9.83,-9.12,-4.41,-1.82,3.67,4.93,5.72
1224,2020-06-09,-6.1,-9.83,-9.12,-4.41,0.34,4.08,5.17,5.83
1225,2020-06-10,11.71,-9.83,4.5,2.57,0.34,4.35,5.17,5.73
1226,2020-06-11,11.71,-9.83,4.5,2.57,0.34,4.35,5.17,5.73
1227,2020-06-12,11.71,27.03,17.67,8.96,5.19,4.35,5.52,5.83
1228,2020-06-13,11.71,27.03,17.67,8.96,5.19,4.35,5.52,5.83
1229,2020-06-14,11.71,27.03,17.67,8.96,5.19,4.35,5.52,5.83
1230,2020-06-15,24.76,12.31,17.67,8.96,3.05,4.66,5.43,5.83
1231,2020-06-16,4.12,12.31,2.1,8.96,1.39,4.41,5.42,5.98
1232,2020-06-17,32.68,12.31,11.15,5.93,1.39,4.82,5.53,5.92
1233,2020-06-18,32.68,15.34,10.32,5.44,1.39,4.94,5.7,6.1
1234,2020-06-19,32.68,-4.23,-2.54,-0.95,0.13,4.94,5.4,6.02
1235,2020-06-20,32.68,-4.23,-2.54,-0.95,0.13,4.94,5.4,6.02
1236,2020-06-21,32.68,-4.23,-2.54,-0.95,0.13,4.94,5.4,6.02
1237,2020-06-22,-15.8,-7.77,-2.54,-0.95,-0.55,4.28,5.49,6.02
1238,2020-06-23,-15.22,-7.77,-4.99,-0.95,-0.4,4.25,5.44,6.07
1239,2020-06-24,39.99,-7.77,13.22,6.9,-0.4,5.34,6.1,6.39
1240,2020-06-25,39.99,11.95,8.19,4.5,-0.4,4.88,5.73,6.12
1241,2020-06-26,39.99,16.86,11.37,6.09,3.8,4.88,5.88,6.24
1242,2020-06-27,39.99,16.86,11.37,6.09,3.8,4.88,5.88,6.24
1243,2020-06-28,39.99,16.86,11.37,6.09,3.8,4.88,5.88,6.24
1244,2020-06-29,-4.21,-1.58,11.37,6.09,0.74,4.41,5.47,6.24
1245,2020-06-30,0.32,-1.58,0.6,6.09,1.08,4.44,5.39,5.91
1246,2020-07-01,-25.72,-1.58,-9.27,-4.38,1.08,3.84,5.02,5.72
1247,2020-07-02,-25.72,0.86,0.96,0.95,1.08,4.36,5.33,5.82
1248,2020-07-03,-25.72,2.3,1.89,1.37,1.34,4.36,5.21,5.69
1249,2020-07-04,-25.72,2.3,1.89,1.37,1.34,4.36,5.21,5.69
1250,2020-07-05,-25.72,2.3,1.89,1.37,1.34,4.36,5.21,5.69
1251,2020-07-06,5.05,3.15,1.89,1.37,1.55,4.29,5.15,5.69
1252,2020-07-07,15.25,3.15,5.84,1.37,2.38,4.52,5.33,5.75
1253,2020-07-08,4.54,3.15,2.28,1.59,2.38,4.36,5.17,5.66
1254,2020-07-09,4.54,3.15,2.25,1.59,2.38,4.41,5.17,5.65
1255,2020-07-10,4.54,4.01,2.95,1.92,1.74,4.41,5.17,5.64
1256,2020-07-11,4.54,4.01,2.95,1.92,1.74,4.41,5.17,5.64
1257,2020-07-12,4.54,4.01,2.95,1.92,1.74,4.41,5.17,5.64
1258,2020-07-13,4.26,2.72,2.95,1.92,1.62,4.38,5.23,5.64
1259,2020-07-14,-1.48,2.72,2.95,1.92,1.12,4.34,5.25,5.72
1260,2020-07-15,-10.19,2.72,-3.04,-1.08,1.12,4.34,5.12,5.66
1261,2020-07-16,-10.19,-2.22,-1.11,-0.07,1.12,4.3,5.25,5.7
1262,2020-07-17,-10.19,4.33,3.2,2.12,1.9,4.3,5.23,5.65
1263,2020-07-18,-10.19,4.33,3.2,2.12,1.9,4.3,5.23,5.65
1264,2020-07-19,-10.19,4.33,3.2,2.12,1.9,4.3,5.23,5.65
1265,2020-07-20,-2.51,-0.73,3.2,2.12,1.04,4.25,5.14,5.65
1266,2020-07-21,-32.99,-0.73,-12.62,2.12,-2.21,3.6,4.85,5.54
1267,2020-07-22,-23.41,-0.73,-8.4,-3.87,-2.21,3.9,5.05,5.63
1268,2020-07-23,-23.41,10.98,7.52,4.22,-2.21,4.76,5.53,5.85
1269,2020-07-24,-23.41,4.31,3.18,2.03,1.83,4.76,5.37,5.77
1270,2020-07-25,-23.41,4.31,3.18,2.03,1.83,4.76,5.37,5.77
1271,2020-07-26,-23.41,4.31,3.18,2.03,1.83,4.76,5.37,5.77
1272,2020-07-27,-9.83,-4.65,3.18,2.03,0.3,4.02,5.1,5.77
1273,2020-07-28,-9.23,-4.65,-2.72,2.03,0.4,4.08,5.12,5.77
1274,2020-07-29,-4.43,-4.65,-0.92,0.03,0.4,4.18,5.15,5.77
1275,2020-07-30,-4.43,2.44,1.94,1.49,0.4,4.14,5.07,5.46
1276,2020-07-31,-4.43,4.84,3.51,2.23,1.84,4.14,5.1,5.51
1277,2020-08-01,-4.43,4.84,3.51,2.23,1.84,4.14,5.1,5.51
1278,2020-08-02,-4.43,4.84,3.51,2.23,1.84,4.14,5.1,5.51
1279,2020-08-03,30.58,15.26,3.51,2.23,3.56,4.52,5.27,5.51
1280,2020-08-04,1.46,15.26,3.51,2.23,1.38,4.15,5.11,5.55
1281,2020-08-05,-5.97,15.26,-1.54,-0.3,1.38,4.14,5.22,5.71
1282,2020-08-06,-5.97,10.34,7.17,3.91,1.38,4.46,5.44,5.77
1283,2020-08-07,-5.97,10.72,7.4,4.04,2.75,4.46,5.57,5.86
1284,2020-08-08,-5.97,10.72,7.4,4.04,2.75,4.46,5.57,5.86
1285,2020-08-09,-5.97,10.72,7.4,4.04,2.75,4.46,5.57,5.86
1286,2020-08-10,8.9,4.8,7.4,4.04,1.95,4.54,5.57,5.86
1287,2020-08-11,1.97,4.8,1.33,4.04,1.34,4.48,5.59,6.0
1288,2020-08-12,7.95,4.8,3.32,2.03,1.34,4.67,5.77,6.14
1289,2020-08-13,7.95,4.8,-5.07,-2.14,1.34,4.38,5.71,6.27
1290,2020-08-14,7.95,6.96,4.83,2.8,2.2,4.38,5.93,6.3
1291,2020-08-15,7.95,6.96,4.83,2.8,2.2,4.38,5.93,6.3
1292,2020-08-16,7.95,6.96,4.83,2.8,2.2,4.38,5.93,6.3
1293,2020-08-17,33.21,15.94,4.83,2.8,3.6,5.25,6.24,6.3
1294,2020-08-18,6.89,15.94,2.9,2.8,1.6,4.62,5.75,6.15
1295,2020-08-19,14.07,15.94,5.25,2.8,1.6,4.88,5.94,6.3
1296,2020-08-20,14.07,9.8,6.66,2.8,1.6,4.91,5.97,6.31
1297,2020-08-21,14.07,-3.96,-2.3,-0.78,0.32,4.91,5.74,6.22
1298,2020-08-22,14.07,-3.96,-2.3,-0.78,0.32,4.91,5.74,6.22
1299,2020-08-23,14.07,-3.96,-2.3,-0.78,0.32,4.91,5.74,6.22
1300,2020-08-24,-1.22,-0.17,-2.3,-0.78,0.89,4.45,5.67,6.22
1301,2020-08-25,-13.61,-0.17,-4.31,-0.78,-0.22,4.25,5.5,6.05
1302,2020-08-26,5.15,-0.17,2.37,1.62,-0.22,4.82,5.91,6.34
1303,2020-08-27,5.15,1.02,1.01,0.98,-0.22,4.74,5.84,6.28
1304,2020-08-28,5.15,-18.3,-12.11,-5.88,-2.22,4.74,5.35,6.03
1305,2020-08-29,5.15,-18.3,-12.11,-5.88,-2.22,4.74,5.35,6.03
1306,2020-08-30,5.15,-18.3,-12.11,-5.88,-2.22,4.74,5.35,6.03
1307,2020-08-31,1.16,1.03,-12.11,-5.88,1.36,4.67,5.75,6.03
1308,2020-09-01,-17.72,1.03,-5.84,-5.88,-0.45,4.21,5.49,6.04
1309,2020-09-02,-0.64,1.03,0.48,0.74,-0.45,4.63,5.72,6.16
1310,2020-09-03,-0.64,1.03,-6.17,-2.72,-0.45,4.18,5.42,5.99
1311,2020-09-04,-0.64,0.31,0.55,0.71,1.15,4.18,5.59,6.04
1312,2020-09-05,-0.64,0.31,0.55,0.71,1.15,4.18,5.59,6.04
1313,2020-09-06,-0.64,0.31,0.55,0.71,1.15,4.18,5.59,6.04
1314,2020-09-07,-0.64,0.31,0.55,0.71,1.15,4.18,5.59,6.04
1315,2020-09-08,17.49,0.31,6.52,0.71,2.7,4.97,5.92,6.25
1316,2020-09-09,-15.11,0.31,-5.09,-2.18,2.7,4.35,5.57,6.11
1317,2020-09-10,-15.11,1.54,1.33,1.17,2.7,4.86,5.93,6.36
1318,2020-09-11,-15.11,5.53,3.87,2.45,2.09,4.86,6.0,6.38
1319,2020-09-12,-15.11,5.53,3.87,2.45,2.09,4.86,6.0,6.38
1320,2020-09-13,-15.11,5.53,3.87,2.45,2.09,4.86,6.0,6.38
1321,2020-09-14,-1.55,-0.34,3.87,2.45,1.05,4.76,5.83,6.38
1322,2020-09-15,-3.32,-0.34,-0.6,2.45,0.93,4.81,5.94,6.4
1323,2020-09-16,-7.85,-0.34,-2.2,-0.64,0.93,4.82,5.99,6.48
1324,2020-09-17,-7.85,-0.79,-0.21,0.38,0.93,4.89,5.95,6.39
1325,2020-09-18,-7.85,13.62,8.97,5.08,3.64,4.89,6.47,6.75
1326,2020-09-19,-7.85,13.62,8.97,5.08,3.64,4.89,6.47,6.75
1327,2020-09-20,-7.85,13.62,8.97,5.08,3.64,4.89,6.47,6.75
1328,2020-09-21,30.9,14.98,8.97,5.08,3.89,5.78,6.5,6.75
1329,2020-09-22,7.2,14.98,3.01,5.08,2.06,5.35,6.26,6.65
1330,2020-09-23,36.77,14.98,11.88,6.46,2.06,5.94,6.65,6.88
1331,2020-09-24,36.77,-1.2,-0.47,0.3,2.06,5.05,6.11,6.56
1332,2020-09-25,36.77,-1.29,-0.49,0.28,1.03,5.05,6.17,6.56
1333,2020-09-26,36.77,-1.29,-0.49,0.28,1.03,5.05,6.17,6.56
1334,2020-09-27,36.77,-1.29,-0.49,0.28,1.03,5.05,6.17,6.56
1335,2020-09-28,15.3,8.0,-0.49,0.28,2.68,5.79,6.75,6.56
1336,2020-09-29,12.22,8.0,4.71,0.28,2.5,5.74,6.77,7.1
1337,2020-09-30,-4.3,8.0,-0.96,0.04,2.5,5.34,6.5,6.93
1338,2020-10-01,-4.3,1.41,1.2,1.14,2.5,5.48,6.55,6.94
1339,2020-10-02,-4.3,2.37,1.84,1.53,1.91,5.48,6.63,7.0
